id,utt,gold,raw_output,predicted,correct
0,bu hafta beni sabah beşte uyandır,alarm_set,alarm_set,alarm_set,True
3,sessiz,audio_volume_mute,audio_volume_mute,audio_volume_mute,True
8,tek ihtiyacımız olan pembe,iot_hue_lightchange,iot_hue_lightchange,iot_hue_lightchange,True
14,ve karanlık çöktü,iot_hue_lighton,iot_hue_lighton,iot_hue_lighton,True
19,olly yatak odasındaki ışıkları kapat,iot_hue_lightoff,iot_hue_lightoff,iot_hue_lightoff,True
27,burası çok pis biraz gürültü yap,iot_cleaning,audio_volume_mute,audio_volume_mute,False
31,koridor u süpür,iot_cleaning,iot_cleaning,iot_cleaning,True
41,ekran parlaklığımın statüsünü istiyorum,general_quirky,iot_hue_lightchange,iot_hue_lightchange,False
46,naber olly,general_greet,general_greet,general_greet,True
47,avustralya'da saat kaç,datetime_query,datetime_query,datetime_query,True
50,olly gmt artı beş in kaç olduğunu söyle bana,datetime_convert,qa_maths,qa_maths,False
59,sabah yedi alarmımı iptal et,alarm_remove,alarm_remove,alarm_remove,True
61,hangi alarmları kurdum,alarm_query,alarm_query,alarm_query,True
63,alarmlarımı söyle,alarm_query,alarm_query,alarm_query,True
71,ben kenan doğulu şarkılarını seviyorum,music_likeness,music_likeness,music_likeness,True
80,ışıkların parlaklığını daha yüksek ayarla,iot_hue_lightup,iot_hue_lightup,iot_hue_lightup,True
85,bana bugünkü tarihi bildir,datetime_query,datetime_query,datetime_query,True
86,bugün günlerden ne,datetime_query,datetime_query,datetime_query,True
89,bu gece akşam yemeği için sushi söyler misin,takeaway_order,takeaway_order,takeaway_order,True
100,haftanın hava durumu tahmini nedir,weather_query,weather_query,weather_query,True
102,bu haftanın hava durumu nasıl,weather_query,weather_query,weather_query,True
103,bu haftaki hava durumunu söyle,weather_query,weather_query,weather_query,True
122,bir kikirdeme gönder,general_joke,social_post,social_post,False
124,olly bana bir fıkra anlat,general_joke,general_joke,general_joke,True
128,tarih ne,datetime_query,datetime_query,datetime_query,True
132,paket servisi sipariş et,takeaway_order,takeaway_order,takeaway_order,True
150,bu şarkıyı seviyorum,music_likeness,music_likeness,music_likeness,True
151,onu tekrar çal lütfen,play_music,play_music,play_music,True
158,ışıkları kıs,iot_hue_lightdim,iot_hue_lightdim,iot_hue_lightdim,True
168,paket servis yapıyorlar mı,takeaway_query,takeaway_query,takeaway_query,True
169,onlar teslimat yapabiliyorlar mı,takeaway_query,takeaway_query,takeaway_query,True
170,eve teslim yapıyorlar mı,takeaway_query,takeaway_query,takeaway_query,True
171,olly eve teslimat yapıyorlar mı,takeaway_query,takeaway_query,takeaway_query,True
174,perşembe sabah yedide uyan,alarm_set,calendar_set,calendar_set,False
177,bana biraz iş dünyası haberlerini söyle,news_query,news_query,news_query,True
178,bana uluslararası haberleri söyle,news_query,news_query,news_query,True
182,benim rock çalma listemi çal,play_music,play_music,play_music,True
185,benim şarkı listemi aç ve sıradaki üçüncü şarkıyı çal,play_music,play_music,play_music,True
189,sesi kapat,audio_volume_mute,audio_volume_mute,audio_volume_mute,True
197,saat kaç,datetime_query,datetime_query,datetime_query,True
201,son kurduğum alarmı sil,alarm_remove,alarm_remove,alarm_remove,True
216,bugün hava nasıl,weather_query,weather_query,weather_query,True
219,yarın şemsiye getireyim mi,weather_query,weather_query,weather_query,True
220,rock listemden müzik çal,play_music,play_music,play_music,True
250,şu an canım çok jazz istiyor ya sen,play_music,play_music,play_music,True
254,olly benim favori fenerbahçe oyuncumdan güzel bir bölüm oynat,play_music,play_game,play_game,False
258,seni duyamıyorum,audio_volume_up,audio_volume_down,audio_volume_down,False
261,seni zar zor duyabiliyorum,audio_volume_up,audio_volume_up,audio_volume_up,True
263,hadi ışıkları mavi yapalım,iot_hue_lightchange,iot_hue_lightchange,iot_hue_lightchange,True
279,adana için bugünkü hava nasıl,weather_query,weather_query,weather_query,True
281,amerikan doları ingiliz sterlini oranları nedir,news_query,qa_currency,qa_currency,False
286,mutfaktaki ışıkları yükselt,iot_hue_lighton,iot_hue_lightup,iot_hue_lightup,False
290,elektrik süpürgesini çalıştır,iot_cleaning,iot_cleaning,iot_cleaning,True
292,vakumlu süpürgeyi aç,iot_cleaning,iot_cleaning,iot_cleaning,True
296,nirvana çalma listesini çal,play_music,play_music,play_music,True
297,volkan konak şarkılarını karıştır,play_music,play_music,play_music,True
299,hava nasıl,weather_query,weather_query,weather_query,True
310,bu yıl yeni yıl hangi güne denk geliyor,datetime_query,datetime_query,datetime_query,True
315,lütfen bir saat daha sessiz ol,audio_volume_mute,audio_volume_down,audio_volume_down,False
317,bugün konuşma,audio_volume_mute,audio_volume_mute,audio_volume_mute,True
319,iki gün sonra bursa'da hava nasıl olacak söyler misin,weather_query,weather_query,weather_query,True
321,fişi çek,iot_wemo_off,iot_coffee,iot_coffee,False
322,prizimi etkinleştir,iot_wemo_on,iot_wemo_on,iot_wemo_on,True
329,yaz dostum,play_music,general_quirky,general_quirky,False
333,bayburt'ta hava durumu nasıl,weather_query,weather_query,weather_query,True
334,izmir'deki hava durumunu öğrenmek istiyorum,weather_query,weather_query,weather_query,True
344,yarın yağmurlu mu olacak,weather_query,weather_query,weather_query,True
348,yarın yağmur var mı,weather_query,weather_query,weather_query,True
355,bir nisan hangi gün,datetime_query,datetime_query,datetime_query,True
360,mevcut saat kaç,datetime_query,datetime_query,datetime_query,True
362,mirkelam şarkılarından ikinci şarkıyı çal,play_music,play_music,play_music,True
366,lütfen bana en son haberleri söyle,news_query,news_query,news_query,True
369,ışıkları kapat,iot_hue_lightoff,iot_hue_lightoff,iot_hue_lightoff,True
379,müziğin kayıt edilmesinin istiyorum benim için onu yapar mısın,music_likeness,music_likeness,music_likeness,True
385,yeni çağ da sansasyonel ne var,news_query,news_query,news_query,True
389,akıllı prizi aç,iot_wemo_on,iot_wemo_on,iot_wemo_on,True
391,benim playlist ten bir rastgele şarkı aç,play_music,play_music,play_music,True
393,benim çalma listemden tekrar bir şarkı aç,play_music,play_music,play_music,True
397,kurban dan herhangi bir şarkı çal,play_music,play_music,play_music,True
399,ilk alarmı sil,alarm_remove,alarm_remove,alarm_remove,True
400,çalmaya başla,play_music,play_audiobook,play_audiobook,False
407,bir saat sonra rock müzik çalabilir misin,play_music,play_music,play_music,True
411,bana bir fıkra anlatır mısın,general_joke,general_joke,general_joke,True
412,bana komik bir fıkra anlat,general_joke,general_joke,general_joke,True
424,flaş haberler ne,news_query,news_query,news_query,True
426,birinci prizi aç,iot_wemo_on,iot_wemo_on,iot_wemo_on,True
427,banyo ışıklarını kapat,iot_hue_lightoff,iot_hue_lightoff,iot_hue_lightoff,True
428,banyo ışıklarını kapat,iot_hue_lightoff,iot_hue_lightoff,iot_hue_lightoff,True
430,şimdi hava nasıl,weather_query,weather_query,weather_query,True
437,dini sohbetler klasörünü aç,play_music,play_music,play_music,True
441,en son haber ana başlıkları nelerdir,news_query,news_query,news_query,True
442,haberlerde neler oluyor,news_query,news_query,news_query,True
443,sesi yükseltmek,audio_volume_up,audio_volume_up,audio_volume_up,True
448,kahve makinesini çalıştır,iot_coffee,iot_coffee,iot_coffee,True
451,bim stok fiyatı ile ilgili en son haberleri getir,news_query,news_query,news_query,True
456,yatak odası ışıklarını yeşile çevir,iot_hue_lightchange,iot_hue_lightchange,iot_hue_lightchange,True
468,ışıkları loşa çevir,iot_hue_lightdim,iot_hue_lightchange,iot_hue_lightchange,False
473,ceza çal,play_music,play_music,play_music,True
475,genellikle yaptığın hatalar nelerdir,general_quirky,general_quirky,general_quirky,True
484,şarkı nın sanatçısı kim,music_query,music_query,music_query,True
486,istanbul da saat kaç,datetime_query,datetime_query,datetime_query,True
491,dışarısı soğuk mu,weather_query,weather_query,weather_query,True
494,iyi bir espri nasıl olur,general_joke,general_quirky,general_quirky,False
506,tarkan dan şarkılar aç,play_music,play_music,play_music,True
508,hangi alarmlar kurulur,alarm_query,alarm_query,alarm_query,True
512,gündoğarken tarafından,weather_query,general_quirky,general_quirky,False
525,siparişi acilen hazırlayın,takeaway_query,takeaway_order,takeaway_order,False
527,hiç bildiğin fıkralar var mı,general_joke,general_joke,general_joke,True
533,sabah dokuza alarm kur,alarm_set,alarm_set,alarm_set,True
540,hadise den prenses şarkı sını aç,play_music,play_music,play_music,True
555,ezhel den allahından bul u çal,play_music,play_music,play_music,True
560,sabah sekiz alarmını kapa,alarm_remove,alarm_remove,alarm_remove,True
564,ışık rengini değiştir,iot_hue_lightchange,iot_hue_lightchange,iot_hue_lightchange,True
576,tüm çalma listesini çal,play_music,play_music,play_music,True
585,en son haberleri göster,news_query,news_query,news_query,True
588,bugünün yeni haberleri neler,news_query,news_query,news_query,True
590,anlık hava durumu nedir,weather_query,weather_query,weather_query,True
608,sonra sesi aç,audio_volume_up,audio_volume_up,audio_volume_up,True
612,lütfen gelecek cumartesi sabah sekizde uyandırma alarmını çal,alarm_set,alarm_set,alarm_set,True
614,çalma listesi başlat,play_music,play_music,play_music,True
625,lütfen radyoda hande yener çal,play_music,play_radio,play_radio,False
631,boğaz kazası ile ilgili haberler için bildirim ayarla,news_query,news_query,news_query,True
635,elektrik süpürgesini başlat,iot_cleaning,iot_cleaning,iot_cleaning,True
651,oda ışıklarını kapat,iot_hue_lightoff,iot_hue_lightoff,iot_hue_lightoff,True
660,japonya da mevcut saat,datetime_query,datetime_query,datetime_query,True
665,ışıkları kısar mısın,iot_hue_lightdim,iot_hue_lightdim,iot_hue_lightdim,True
668,acilen iki burger ve bir kola istiyorum,takeaway_order,takeaway_order,takeaway_order,True
680,bitcoin fiyatı hakkında beni haberdar tut,news_query,qa_stock,qa_stock,False
686,şu anda aydın da saat kaç,datetime_query,datetime_query,datetime_query,True
702,ışıkları azalt lütfen,iot_hue_lightdim,iot_hue_lightdim,iot_hue_lightdim,True
712,c. n. n. den son haberleri duymak istiyorum,news_query,news_query,news_query,True
726,haftanın hava durumu ayrıntılarını özetleyin,weather_query,weather_query,weather_query,True
730,ışıkları kapat,iot_hue_lightoff,iot_hue_lightoff,iot_hue_lightoff,True
738,bugün dışarısı ne kadar soğuk,weather_query,weather_query,weather_query,True
751,ben istemeden konuşma,audio_volume_mute,audio_volume_mute,audio_volume_mute,True
761,bu şarkı hakkında bilgi almak istiyorum,music_query,music_query,music_query,True
764,bu hafta için hava tahmini nasıl,weather_query,weather_query,weather_query,True
765,lütfen bana en yeni sağlayıcı mdan güncel haber başlıklarını verir misiniz,news_query,news_query,news_query,True
767,lütfen bana genellikle bakmadığım bir kaynaktan en son haberleri bulabilir misin,news_query,news_query,news_query,True
768,en sonki politika haberlerini söyle,news_query,news_query,news_query,True
779,teoman 'dan paramparça 'yı dinlemek istiyorum,play_music,play_music,play_music,True
781,destina 'yı çal,play_music,play_music,play_music,True
782,ceza 'dan evin delisi 'ni aç,play_music,play_audiobook,play_audiobook,False
783,aşk şarkıları çal,play_music,play_music,play_music,True
790,ılıman veya sert hava,weather_query,weather_query,weather_query,True
796,alarm ayarlarımı onayla,alarm_query,alarm_query,alarm_query,True
804,hey siri hoparlörlerin sesini kıs,audio_volume_mute,audio_volume_down,audio_volume_down,False
826,dışarıda anlık sıcaklık nedir,weather_query,weather_query,weather_query,True
827,murat boz çalma listesini aç,play_music,play_music,play_music,True
832,merhaba yarın için hava tahmini ne olacak,weather_query,weather_query,weather_query,True
837,yaklaşan abd seçimleri için b. b. c. anket tahminleri nelerdir,news_query,news_query,news_query,True
843,robot süpürgeyi çalıştır,iot_cleaning,iot_cleaning,iot_cleaning,True
861,kurduğum alarmlar,alarm_query,alarm_query,alarm_query,True
862,alarm ayarları,alarm_query,alarm_set,alarm_set,False
864,oturma odasını temizle şimdi,iot_cleaning,iot_cleaning,iot_cleaning,True
870,görüş kaydet,music_likeness,general_quirky,general_quirky,False
884,sabah sekize alarm kur,alarm_set,alarm_set,alarm_set,True
891,biraz dini müzik çal,play_music,play_music,play_music,True
897,akşam altı da ev ışıklar amber yap,iot_hue_lightchange,iot_hue_lightchange,iot_hue_lightchange,True
914,lütfen ışıkları söndür,iot_hue_lightoff,iot_hue_lightoff,iot_hue_lightoff,True
920,lütfen alarmımı sil,alarm_remove,alarm_remove,alarm_remove,True
931,bu şarkıyı beğeniyorum lütfen kaydet,music_likeness,music_likeness,music_likeness,True
936,aç ve koşu çalma listemden müzik çal,play_music,play_music,play_music,True
939,alarmımı sabah yediye kur,alarm_set,alarm_set,alarm_set,True
940,sabah alarmımı aç,alarm_set,alarm_set,alarm_set,True
944,türkiye ile japonya arasındaki saat farkı ne,datetime_convert,datetime_convert,datetime_convert,True
951,şu anda new york'ta hava nasıl,weather_query,weather_query,weather_query,True
962,ışıkların parlaklığını artır,iot_hue_lightup,iot_hue_lightup,iot_hue_lightup,True
964,daha loş ışıklar istiyorum,iot_hue_lightdim,iot_hue_lightdim,iot_hue_lightdim,True
967,uludağ kebap tan gel al ımı alabilir miyim,takeaway_query,takeaway_query,takeaway_query,True
969,belirli bir konuda haber makaleler i,news_query,news_query,news_query,True
974,istanbul da şu an saat kaç,datetime_query,datetime_query,datetime_query,True
997,oturma odasının ışığını kapat,iot_hue_lightoff,iot_hue_lightoff,iot_hue_lightoff,True
999,ışığı kapatır mısın,iot_hue_lightoff,iot_hue_lightoff,iot_hue_lightoff,True
1007,benim rock çalma listemden sezen aksu çal,play_music,play_music,play_music,True
1014,ankara da şu anda saat kaç,datetime_query,datetime_query,datetime_query,True
1030,oturma odasındaki ışıkları kıs,iot_hue_lightdim,iot_hue_lightdim,iot_hue_lightdim,True
1042,lütfen uygulamalar klasörünü aç,takeaway_order,play_audiobook,play_audiobook,False
1043,teslimat yapan en yakın tayland restoranını ara,takeaway_order,takeaway_order,takeaway_order,True
1047,iyi bir ağlamaya ihtiyacım var hüzünlü rock şarkıları çalabilir misin,play_music,play_music,play_music,True
1048,hoparlör sesini kıs,audio_volume_down,audio_volume_down,audio_volume_down,True
1059,robot süpürgeyi aç,iot_cleaning,iot_cleaning,iot_cleaning,True
1061,beni spor haberlerinden haberdar et,news_query,news_query,news_query,True
1063,spor haberleri için saatlik bildirim ver,news_query,news_query,news_query,True
1065,ses ayarı nerede,audio_volume_other,audio_volume_other,audio_volume_other,True
1071,koridor daki ışıkları daha da aydınlat,iot_hue_lightup,iot_hue_lightup,iot_hue_lightup,True
1072,lütfen ekran parlaklığını sonuna kadar aç,iot_hue_lightup,iot_wemo_on,iot_wemo_on,False
1076,rock metal çalma,music_dislikeness,play_music,play_music,False
1084,kullanıcı dostu,news_query,general_quirky,general_quirky,False
1090,odadaki parlaklığı artırabilir misin,iot_hue_lightup,iot_hue_lightup,iot_hue_lightup,True
1093,washington post web sitesine gidin,news_query,news_query,news_query,True
1098,on beş mart haftanın hangi gününe denk gelir,datetime_query,datetime_query,datetime_query,True
1108,benim arzum biraz country müzik dinlemek,play_music,play_music,play_music,True
1115,tüm pop şarkı türlerini düzenle,play_music,music_query,music_query,False
1120,siyaset te özel bir şey var mı,news_query,general_quirky,general_quirky,False
1121,tarkandan ölürüm sana çal,play_music,play_music,play_music,True
1123,sırada zaman yok 'dan son feci bisikletin 'i çal,play_music,play_music,play_music,True
1124,sırada nil karaibrahimgil kanatlarım var ruhumda çalmak için hazırla,play_music,play_music,play_music,True
1127,karışık üzerinden şarkılar çal,play_music,play_music,play_music,True
1144,bana biraz rap lazım,play_music,play_music,play_music,True
1148,şu an izmir'de saat kaç,datetime_query,datetime_query,datetime_query,True
1151,elektrikli süpürgeyi başlat,iot_cleaning,iot_cleaning,iot_cleaning,True
1156,uluslararası kadınlar günü hakkında son haberler,news_query,news_query,news_query,True
1158,şaka yap,general_joke,general_quirky,general_quirky,False
1160,bu hafta her bir gece ne kadar soğuk olacak,weather_query,weather_query,weather_query,True
1176,gül döktüm yollarına şarkısını kim söylüyor,music_query,music_query,music_query,True
1180,biden ile ilgili bugünkü en flaş haber konuları bul,news_query,news_query,news_query,True
1191,eğer tekirdağ da gündoğumu ise hatay da saat kaç,datetime_convert,datetime_convert,datetime_convert,True
1202,mardin de saat kaç şu an,datetime_query,datetime_query,datetime_query,True
1205,öğleden sonra üç alarmını iptal et,alarm_remove,alarm_remove,alarm_remove,True
1217,ışığı maviye değiştir,iot_hue_lightchange,iot_hue_lightchange,iot_hue_lightchange,True
1238,pandora,play_music,play_radio,play_radio,False
1247,öğrenmek istiyorum tadım pizza adrese teslimat yapıyor mu,takeaway_query,takeaway_query,takeaway_query,True
1249,bu hafta hava nasıl olacak,weather_query,weather_query,weather_query,True
1252,bana mevcut saati söyle,datetime_query,datetime_query,datetime_query,True
1256,bildiğin en komik fıkra ne,general_joke,general_joke,general_joke,True
1264,alarmım yarın sabaha mı kuruldu,alarm_query,alarm_query,alarm_query,True
1266,eğer istanbulda saat sabah beş ise burada saat kaç olur,datetime_convert,datetime_convert,datetime_convert,True
1276,bir kahve istiyorum,iot_coffee,iot_coffee,iot_coffee,True
1294,akademi ödülleri haberlerini bana hızlı haber ver,news_query,news_query,news_query,True
1300,çabuk,audio_volume_up,general_quirky,general_quirky,False
1301,biden'ın dış politikası hakkındaki haberi söyle,news_query,news_query,news_query,True
1308,bugünün hava durumunu buradan al,weather_query,weather_query,weather_query,True
1318,müzik uygulamalarını başlat ve benim için bir şarkı çal,play_music,play_music,play_music,True
1336,yıldız tilbe şarkılarını seviyorum onu çal lütfen,music_likeness,music_likeness,music_likeness,True
1351,bu hafta hava dışarıda güzel olacak mı,weather_query,weather_query,weather_query,True
1352,lütfen hoparlörün sesini kıs,audio_volume_down,audio_volume_down,audio_volume_down,True
1360,lütfen ışıkları yükselt bunda rahat değilim,iot_hue_lightup,iot_hue_lightup,iot_hue_lightup,True
1371,hürriyetin ön sayfasında ne var,news_query,news_query,news_query,True
1372,iyi bir espri nedir,general_joke,general_quirky,general_quirky,False
1374,sesini yükseltir misin,audio_volume_up,audio_volume_up,audio_volume_up,True
1377,lütfen oğlumun odasının ışığını kapat,iot_hue_lightoff,iot_hue_lightoff,iot_hue_lightoff,True
1379,pizza hut adrese teslimat yapıyor mu,takeaway_query,takeaway_query,takeaway_query,True
1400,genelde dikkat ederim,weather_query,general_quirky,general_quirky,False
1401,arada bir bakarım,weather_query,general_quirky,general_quirky,False
1404,yarın bodrum için hava tahminini öğrenebilir miyim,weather_query,weather_query,weather_query,True
1413,bana biraz kahve yapabilir misin olly,iot_coffee,iot_coffee,iot_coffee,True
1423,bana trump hakkında konuş,news_query,news_query,news_query,True
1425,fransa'yla ilgili bir şey duyduğunda haber ver,news_query,news_query,news_query,True
1427,ışıkları maviye değiştir olly,iot_hue_lightchange,iot_hue_lightchange,iot_hue_lightchange,True
1428,kırmızı aydınlatma istiyorum,iot_hue_lightchange,iot_hue_lightchange,iot_hue_lightchange,True
1440,dört veya üzeri puanlı güncel rock şarkılarını çal,play_music,play_music,play_music,True
1449,iki bin on sekizde kurban bayramı ne zaman olacak,datetime_query,datetime_query,datetime_query,True
1452,yarınki alarmı iptal et,alarm_remove,alarm_remove,alarm_remove,True
1454,kurulu alarmı kapat,alarm_remove,alarm_remove,alarm_remove,True
1458,bugün alanya için sıcaklık ne,weather_query,weather_query,weather_query,True
1467,slayer çal,play_music,play_music,play_music,True
1474,bugünkü spor haberleri nelerdir,news_query,news_query,news_query,True
1483,ben hangi alarmları kurdum,alarm_query,alarm_query,alarm_query,True
1489,göksel den en yeni şarkılar çal,play_music,play_music,play_music,True
1509,sabah alarmına kadar ses çıkartma,audio_volume_mute,audio_volume_mute,audio_volume_mute,True
1510,işten eve gelene kadar sessiz moda al,audio_volume_mute,audio_volume_mute,audio_volume_mute,True
1511,bana mevcut ışık renklerini göster,iot_hue_lightchange,iot_hue_lightquery,iot_hue_lightquery,False
1513,dışarıda sıcaklık kaç derece,weather_query,weather_query,weather_query,True
1516,domino's sosisli pizza sipariş et,takeaway_order,takeaway_order,takeaway_order,True
1527,o şarkıyı sevdiğimi bana hatırlat,music_likeness,music_likeness,music_likeness,True
1533,bugün c. n. n.'de neler haber oldu,news_query,news_query,news_query,True
1537,bana türkiyedeki şu anki saati göster,datetime_query,datetime_query,datetime_query,True
1542,güneş bir hayli parlak bu havayı günün geri kalan kısmında da görecek miyiz,weather_query,weather_query,weather_query,True
1546,yazın dinlenmesi gereken şarkılar playlisti mi çal,play_music,play_music,play_music,True
1547,bu hafta lokasyonumda hava nasıl olacak,weather_query,weather_query,weather_query,True
1549,bu hafta yağmur var mı,weather_query,weather_query,weather_query,True
1551,prizi aç,iot_wemo_on,iot_wemo_on,iot_wemo_on,True
1554,lambaları söndür,iot_hue_lightoff,iot_hue_lightoff,iot_hue_lightoff,True
1575,elektrik süpürgesini başlat,iot_cleaning,iot_cleaning,iot_cleaning,True
1579,bana basketbolla ilgili bir espri bul,general_joke,general_quirky,general_quirky,False
1581,geçerli gün ay ve yıl nedir,datetime_query,datetime_query,datetime_query,True
1589,önümüzdeki salı güneşli olacak mı,weather_query,weather_query,weather_query,True
1593,dünya haberlerinden bildirim ayarla,news_query,news_query,news_query,True
1594,bana en son haberleri söyleyebilir misin,news_query,news_query,news_query,True
1607,istanbulda şu anki saati söyle,datetime_query,datetime_query,datetime_query,True
1617,siyaset hakkında yeni konu çıktığında beni uyar,news_query,news_query,news_query,True
1622,şarkının açıklaması,music_query,music_query,music_query,True
1630,mevcut müziğin sesini yükselt,audio_volume_up,audio_volume_up,audio_volume_up,True
1635,alarmlarım ne zaman çalar,alarm_query,alarm_query,alarm_query,True
1636,bana hürriyetten en son haberleri göster,news_query,news_query,news_query,True
1639,lütfen sesi kıs,audio_volume_down,audio_volume_down,audio_volume_down,True
1640,sesi aç olly,audio_volume_up,audio_volume_up,audio_volume_up,True
1646,bugün halen kurulu herhangi bir alarm var mı,alarm_query,alarm_query,alarm_query,True
1653,bir sonraki yağmur ne zaman,weather_query,weather_query,weather_query,True
1655,yarın öğlen kar var mı,weather_query,weather_query,weather_query,True
1658,tüm ayarlanmış alarmları görmek istiyorum,alarm_query,alarm_query,alarm_query,True
1666,son altı saatteki en temiz haberler neler,news_query,news_query,news_query,True
1671,bin dokuz yüz doksan ile iki bin yılları arasında yayınlanmış tüm müzik parçalarını çal,play_music,play_music,play_music,True
1675,sabah dokuzdaki salı alarmını kaldır,alarm_remove,alarm_remove,alarm_remove,True
1677,şu anda hangi müzik çalıyor,music_query,music_query,music_query,True
1683,yarınki hava sıcak olacak evet mi hayır mı,weather_query,weather_query,weather_query,True
1684,evet mi hayır mı yarınki hava sıcak olacak,weather_query,weather_query,weather_query,True
1692,benim için biraz hafif arabesk bul,play_music,play_music,play_music,True
1703,elektrikli süpürgem her gün sabah on ile on bir arasında başlamalı,iot_cleaning,iot_cleaning,iot_cleaning,True
1710,rock modunu değiştir,music_settings,play_music,play_music,False
1715,sesi yüzde elli azalt,audio_volume_down,audio_volume_down,audio_volume_down,True
1719,alarmı sadece pazartesi sabah altıya kur,alarm_set,alarm_set,alarm_set,True
1722,istanbul için en düşük sıcaklık kaç derece,weather_query,weather_query,weather_query,True
1741,hey olly bana şu anda çalan bu şarkının ismini söyle lütfen,music_query,music_query,music_query,True
1744,ne dersin,music_likeness,general_quirky,general_quirky,False
1745,şarkıyı beğendin,music_likeness,music_likeness,music_likeness,True
1750,bütün ışıkları söndür,iot_hue_lightoff,iot_hue_lightoff,iot_hue_lightoff,True
1756,ışıkları parlaklaştır,iot_hue_lightup,iot_hue_lightup,iot_hue_lightup,True
1759,başkan trumpla ilgili haberleri ver,news_query,news_query,news_query,True
1760,terörizm hakkında son haberler,news_query,news_query,news_query,True
1774,alarmı kapa,alarm_remove,alarm_remove,alarm_remove,True
1777,sıradaki şarkı,play_music,play_music,play_music,True
1778,lütfen ışıkları kıs,iot_hue_lightdim,iot_hue_lightdim,iot_hue_lightdim,True
1784,yemek salonunu kapat,iot_hue_lightoff,iot_hue_lightoff,iot_hue_lightoff,True
1786,ebeveyn yatak odasını kapat,iot_hue_lightoff,iot_hue_lightoff,iot_hue_lightoff,True
1794,biden türkiye'yi yakın zamanda ziyaret edecek mi,news_query,qa_factoid,qa_factoid,False
1796,bugün günlerden ne,datetime_query,datetime_query,datetime_query,True
1803,prömiyer lig de bugün hangi takımlar oynuyor,news_query,news_query,news_query,True
1804,daha fazla ışık lütfen,iot_hue_lightup,iot_hue_lightup,iot_hue_lightup,True
1807,şarkı ismi,music_query,music_query,music_query,True
1808,başlık,music_query,play_audiobook,play_audiobook,False
1811,çalma listesini başlat ve müzik çal,play_music,play_music,play_music,True
1812,lütfen bana tatlandırıcısız kahve yap,iot_coffee,iot_coffee,iot_coffee,True
1830,baharatlı bir şeyler almak istiyorum,takeaway_order,cooking_recipe,cooking_recipe,False
1831,pizza hut dan bir pizza sipariş et,takeaway_order,takeaway_order,takeaway_order,True
1832,coldplay albüm çal,play_music,play_music,play_music,True
1833,temalar çalma listesini döngüye alabilir misin,play_music,play_music,play_music,True
1862,alarmım ne zaman çalar,alarm_query,alarm_query,alarm_query,True
1866,şu anda hava raporu ne,weather_query,weather_query,weather_query,True
1870,bugün aylardan ne,datetime_query,datetime_query,datetime_query,True
1872,yolculuk için güzel şarkılar,music_likeness,music_likeness,music_likeness,True
1874,oynatılanlar listesine şarkı ekle,music_likeness,lists_createoradd,lists_createoradd,False
1904,bana maçın önemli anlarını getir,news_query,calendar_query,calendar_query,False
1913,beni sabah beşte uyandır,alarm_set,alarm_set,alarm_set,True
1924,elektrikli süpürgeyi aç,iot_cleaning,iot_cleaning,iot_cleaning,True
1933,bu gece sıcaklık düşüşleri olacak mı,weather_query,weather_query,weather_query,True
1940,şarkı ismi aç,play_music,play_music,play_music,True
1941,evimi temizle,iot_cleaning,iot_cleaning,iot_cleaning,True
1960,ışığı pembe renge çevir,iot_hue_lightchange,iot_hue_lightchange,iot_hue_lightchange,True
1962,merhaba google benim gaana uygulamamda wacky playlist'i çal,play_music,play_music,play_music,True
1982,sabah altı buçuğa alarm kur,alarm_set,alarm_set,alarm_set,True
1993,ışıkları açabilir misin,iot_hue_lightup,iot_hue_lightup,iot_hue_lightup,True
1994,benim itunes 'ümü açabilir misin,play_music,play_music,play_music,True
1995,mor ve ötesi çal,play_music,play_music,play_music,True
2007,lütfen yaşım ondokuzu çal,play_music,play_music,play_music,True
2016,mutfaktaki ışıkları kıs,iot_hue_lightdim,iot_hue_lightdim,iot_hue_lightdim,True
2026,şimdi kahve yap,iot_coffee,iot_coffee,iot_coffee,True
2030,şu an çalan şarkı var ya o hangisi,music_query,music_query,music_query,True
2035,olly yemek nerede,takeaway_query,takeaway_query,takeaway_query,True
2056,o şarkıyı bir daha duymak istemiyorum,music_dislikeness,music_dislikeness,music_dislikeness,True
2057,o şarkıyı favori listeme koy,music_likeness,music_likeness,music_likeness,True
2062,biraz jazz müzik çalınmasını istiyorum,play_music,play_music,play_music,True
2075,daha fazla ışık istiyorum,iot_hue_lightup,iot_hue_lightup,iot_hue_lightup,True
2082,ışığı arttır,iot_hue_lightup,iot_hue_lightup,iot_hue_lightup,True
2085,alexa bach veya schubert hariç klasik müzik dinlemek istiyorum,play_music,play_music,play_music,True
2093,bana şu anki müziğin adını söyle,music_query,music_query,music_query,True
2094,şu anda çalan müzik ne,music_query,music_query,music_query,True
2098,bugünlerde dünyada neler oluyor,news_query,news_query,news_query,True
2108,sırada suspus u çal,play_music,play_music,play_music,True
2113,benim semtteki bütün etkinlikleri söyle bana,recommendation_events,calendar_query,calendar_query,False
2128,ışık loş olmalı,iot_hue_lightdim,iot_hue_lighton,iot_hue_lighton,False
2134,beni uyandır,alarm_set,alarm_set,alarm_set,True
2146,şu andan iki yıl sonrası için kış gündönümü hangi gün,datetime_query,datetime_query,datetime_query,True
2156,şu an saatin kaç olduğunu bilmem gerekiyor nedir,datetime_query,datetime_query,datetime_query,True
2160,şimdi uyuyacağım,iot_hue_lightoff,iot_hue_lightoff,iot_hue_lightoff,True
2163,yemek siparişi nasıl gidiyor,takeaway_query,takeaway_query,takeaway_query,True
2164,ne zaman yiyebiliriz,takeaway_query,calendar_query,calendar_query,False
2165,akşam yemeği hazır mı,takeaway_query,takeaway_query,takeaway_query,True
2166,yarın sabah altıya alarm kur,alarm_set,alarm_set,alarm_set,True
2167,beni yarım saat sonra kaldır,alarm_set,calendar_remove,calendar_remove,False
2168,alarmımı kapa,alarm_remove,alarm_remove,alarm_remove,True
2174,martılar sanatçısı kim,music_query,qa_factoid,qa_factoid,False
2178,benim muhitimde anlık hava nasıl,weather_query,weather_query,weather_query,True
2198,dört aralık bin dokuz yüz seksen iki haftanın hangi günüydü,datetime_query,datetime_query,datetime_query,True
2201,c. n. n. başlıkları,news_query,news_query,news_query,True
2203,b. b. c. world başlıkları,news_query,news_query,news_query,True
2205,iki saat sessizlik,audio_volume_mute,audio_volume_mute,audio_volume_mute,True
2206,şu andan itibaren sessize al,audio_volume_mute,audio_volume_mute,audio_volume_mute,True
2207,sessizce ayarla,audio_volume_mute,audio_volume_mute,audio_volume_mute,True
2208,woooo,general_quirky,general_joke,general_joke,False
2220,paris'te hava durumu,weather_query,weather_query,weather_query,True
2225,yıldız tilbe 'den delikanlım 'ı çal,play_music,play_music,play_music,True
2230,mutfak ışığını söndür,iot_hue_lightoff,iot_hue_lightoff,iot_hue_lightoff,True
2234,göremiyorum ışıkları aç,iot_hue_lightup,iot_hue_lighton,iot_hue_lighton,False
2237,en sonki uluslararası haberleri oku,news_query,news_query,news_query,True
2255,licari's den paket sipariş edebilir miyim,takeaway_order,takeaway_order,takeaway_order,True
2258,bugün kazak giymem gerekir mi,weather_query,weather_query,weather_query,True
2263,bana mat renk göster,iot_hue_lightdim,iot_hue_lightchange,iot_hue_lightchange,False
2264,çalışma odası için açık renk,iot_hue_lightup,iot_hue_lightchange,iot_hue_lightchange,False
2265,şu anda izmir de hava nasıl söyle lütfen,weather_query,weather_query,weather_query,True
2271,lütfen satın alıp favori yaptığım şarkılar çal,play_music,play_music,play_music,True
2283,evimin ışıklarının rengini maviye değiştirmem gerekiyor,iot_hue_lightchange,iot_hue_lightchange,iot_hue_lightchange,True
2288,sabah altı da kahve başlat,iot_coffee,iot_coffee,iot_coffee,True
2296,beni bugünün süper lig sonuçları ylagüncel tut,news_query,news_query,news_query,True
2298,şimdi ışıkları kapat,iot_hue_lightoff,iot_hue_lightoff,iot_hue_lightoff,True
2309,pasifik saatine göre saat sabah yedi,datetime_convert,datetime_query,datetime_query,False
2311,alexa ışıkları yediye indir,iot_hue_lightdim,iot_hue_lightdim,iot_hue_lightdim,True
2315,bugün hangi haberler var,news_query,news_query,news_query,True
2316,alexa bana manşet haberleri ver,news_query,news_query,news_query,True
2320,bu cuma hava nasıl,weather_query,weather_query,weather_query,True
2322,hava yarın nasıl,weather_query,weather_query,weather_query,True
2330,şu an için ağrı yerel saatini görüntüle,datetime_query,datetime_query,datetime_query,True
2334,yarın sabah saat altı için bir alarm ekle,alarm_set,alarm_set,alarm_set,True
2336,bir paket makarna al götür yap,takeaway_order,takeaway_order,takeaway_order,True
2338,bir paket erişte siparişi ver ve onu al götür siparişi yap,takeaway_order,takeaway_order,takeaway_order,True
2350,evde açık renkler yerine koyu renkleri koy,iot_hue_lightchange,iot_hue_lightchange,iot_hue_lightchange,True
2351,olly eve koyu renkler yerine açık renkli ışıklar koy,iot_hue_lightchange,iot_hue_lightchange,iot_hue_lightchange,True
2354,hangi tarz bir müzik bu,music_query,music_query,music_query,True
2355,müzik hangi filmden müziğin adı ne,music_query,music_query,music_query,True
2365,radyoda hangi şarkı çalıyor,music_query,play_radio,play_radio,False
2373,şarkı bilgisi,music_query,music_query,music_query,True
2384,dünyada neler oluyor,news_query,news_query,news_query,True
2386,bana en son haberleri ver,news_query,news_query,news_query,True
2387,bu şarkıyı kim yazmış,music_query,music_query,music_query,True
2396,tarkan şarkılarını başlat,play_music,play_music,play_music,True
2400,bu hoş bir şarkı değil mi lütfen bunu benim için kaydet,music_likeness,music_likeness,music_likeness,True
2403,bana daha fazla ışık ver,iot_hue_lightup,iot_hue_lightup,iot_hue_lightup,True
2408,bana gruptan daha fazla şarkılar ara,play_music,music_query,music_query,False
2412,bana londra'da saat kaç söyler misin,datetime_query,datetime_query,datetime_query,True
2414,michael's pizzadan bir pizza sipariş etmek istiyorum,takeaway_order,takeaway_order,takeaway_order,True
2423,lütfen istanbul için bugünkü hava tahminini ver,weather_query,weather_query,weather_query,True
2432,siparişim ne alemde,takeaway_query,takeaway_query,takeaway_query,True
2434,robot süpürgeyi başlat,iot_cleaning,iot_cleaning,iot_cleaning,True
2438,teknoloji haberlerini gönder,news_query,news_query,news_query,True
2441,kilerdeki ışığı kapat,iot_hue_lightoff,iot_hue_lightoff,iot_hue_lightoff,True
2447,öğle yemeği için çorba sipariş etmek istiyorum beykoz restoran dan bir tavuk çorba iste,takeaway_order,takeaway_order,takeaway_order,True
2451,yedi yüz,datetime_convert,datetime_query,datetime_query,False
2472,bulunduğum yer için saat şu anda doğru mu,datetime_query,datetime_query,datetime_query,True
2480,paket servis için ara,takeaway_order,takeaway_order,takeaway_order,True
2496,günlük haberler,news_query,news_query,news_query,True
2497,bugün hangi gün,datetime_query,datetime_query,datetime_query,True
2498,siri bugün hangi tarih,datetime_query,datetime_query,datetime_query,True
2512,kahve makinemi kahve yapması için nasıl ayarlayabilirim,iot_coffee,iot_coffee,iot_coffee,True
2517,robot süpürgeyi nasıl başlatırım,iot_cleaning,iot_cleaning,iot_cleaning,True
2527,klasik rock çal,play_music,play_music,play_music,True
2531,alexa arka arkaya rap ve arabesk şarkıları çal bana,play_music,play_music,play_music,True
2540,odayı açık mavi yap,iot_hue_lightchange,iot_hue_lightchange,iot_hue_lightchange,True
2542,yatak odası ışıklarını kırmızı ve salon ışıklarını normal renk yap lütfen,iot_hue_lightchange,iot_hue_lightchange,iot_hue_lightchange,True
2545,hava nasıl,weather_query,weather_query,weather_query,True
2548,habertürk den herhangi bir ilginç haber var mı,news_query,news_query,news_query,True
2551,evimdeki ışıkları yeşile çevir,iot_hue_lightchange,iot_hue_lightchange,iot_hue_lightchange,True
2560,rastgele müzik çal,play_music,play_music,play_music,True
2564,lütfen haftaya cuma sabah altı buçuğa alarmı kur,alarm_set,alarm_set,alarm_set,True
2566,wemo prizini kapat,iot_wemo_off,iot_wemo_off,iot_wemo_off,True
2573,benim spotify dans listemi çal,play_music,play_music,play_music,True
2578,veranda ışığını kapat,iot_hue_lightoff,iot_hue_lightoff,iot_hue_lightoff,True
2588,en son halk tv haberleri nedir,news_query,news_query,news_query,True
2591,parlaklığı artır,iot_hue_lightup,iot_hue_lightup,iot_hue_lightup,True
2594,en sonki çevre haberlerinden bahset,news_query,news_query,news_query,True
2605,benim favori şarkımı çal,play_music,play_music,play_music,True
2610,mc donalds siparişimi iptal etmiştim girdi mi,takeaway_query,takeaway_query,takeaway_query,True
2611,şu anki hava durumu,weather_query,weather_query,weather_query,True
2615,önümüzdeki çarşamba mont giymem gerekir mi,weather_query,weather_query,weather_query,True
2638,bana erdoğan hakkında haberler göster,news_query,news_query,news_query,True
2639,bana çevreyle ilgili haberleri göster,news_query,news_query,news_query,True
2647,irem derici için bir pandora kanalı oluşturur musun,music_settings,play_radio,play_radio,False
2651,bölgeden gelen son haberler ne,news_query,news_query,news_query,True
2673,sonraki doktor randevum için anımsatıcı alarm kurmayı hatırladım mı,alarm_query,alarm_query,alarm_query,True
2678,bu gece yağmur yağıyor mu,weather_query,weather_query,weather_query,True
2679,sıcaklık aynı mı kalacak yoksa soğuyacak mı,weather_query,weather_query,weather_query,True
2684,son sipariş hazır mı,takeaway_query,takeaway_query,takeaway_query,True
2690,prizi kapat,iot_wemo_off,iot_wemo_off,iot_wemo_off,True
2703,lütfen folk müzik çal,play_music,play_music,play_music,True
2704,biraz indie rock dinleyelim olur mu,play_music,play_music,play_music,True
2708,olly canım dans etmek istiyor bana biraz rock çal,play_music,play_music,play_music,True
2709,olly bugün biraz hüzünlü şarkılar dinlemek istiyorum,play_music,play_music,play_music,True
2711,ışıkları kapat,iot_hue_lightoff,iot_hue_lightoff,iot_hue_lightoff,True
2717,sarı odaları dinlemek istiyorum,play_music,play_music,play_music,True
2721,bana komik bir fıkra anlatır misin,general_joke,general_joke,general_joke,True
2724,bana c. n. n. den haberleri ver,news_query,news_query,news_query,True
2733,bir demlik kahve başlat lütfen,iot_coffee,iot_coffee,iot_coffee,True
2753,bir fincan kahveye ihtiyacım var,iot_coffee,iot_coffee,iot_coffee,True
2770,olly caz türü müzik çal,play_music,play_music,play_music,True
2773,benim sipariş ne kadar sürede hazır olur,takeaway_query,takeaway_query,takeaway_query,True
2774,ışıkları kapat,iot_hue_lightoff,iot_hue_lightoff,iot_hue_lightoff,True
2775,ışıkları kullanmayı bırak,iot_hue_lightoff,iot_hue_lightoff,iot_hue_lightoff,True
2777,bugün şemsiye almalı mıyım,weather_query,weather_query,weather_query,True
2780,yaklaşan konserler var mı,music_likeness,recommendation_events,recommendation_events,False
2781,biraz caz müzik çal lütfen,play_music,play_music,play_music,True
2795,hoparlörleri sustur,audio_volume_mute,audio_volume_mute,audio_volume_mute,True
2796,hoparlörleri sessize al,audio_volume_mute,audio_volume_mute,audio_volume_mute,True
2798,alexa sen ağlama parçasını çal,play_music,play_music,play_music,True
2801,girne de saat kaç,datetime_query,datetime_query,datetime_query,True
2812,bana bir fincan kahve yapabilir misin,iot_coffee,iot_coffee,iot_coffee,True
2816,oturma odasının ışıklarını yüzde elliye ayarla,iot_hue_lightchange,iot_hue_lightchange,iot_hue_lightchange,True
2824,on üç aralık hangi gün,datetime_query,datetime_query,datetime_query,True
2840,gelecek ayın ikisi hangi gün,datetime_query,datetime_query,datetime_query,True
2850,papa johnsda paket servisi var mı,takeaway_query,takeaway_query,takeaway_query,True
2859,olly bu şehirde saat kaç,datetime_query,datetime_query,datetime_query,True
2868,lütfen kahve makinesine bana biraz kahve yaptır,iot_coffee,iot_coffee,iot_coffee,True
2870,olly bana alarmlarımı söyle,alarm_query,alarm_query,alarm_query,True
2887,lütfen bana sabah haberlerinde hava durumu ile ilgili makaleleri göster,news_query,news_query,news_query,True
2890,şu anki hava durumu,weather_query,weather_query,weather_query,True
2898,seçim ile ilgili hiç gelişme var mı,news_query,news_query,news_query,True
2903,lütfen elektrik süpürgesini başlat,iot_cleaning,iot_cleaning,iot_cleaning,True
2906,parlaklık yüzde doksan,iot_hue_lightchange,iot_hue_lightchange,iot_hue_lightchange,True
2908,taco hut adrese teslim yapıyor mu bana söyle,takeaway_query,takeaway_query,takeaway_query,True
2914,bana bugünkü tarihi söyle,datetime_query,datetime_query,datetime_query,True
2917,haftalık hava raporu,weather_query,weather_query,weather_query,True
2921,bloomberg web sitesindeki haberler neler,news_query,news_query,news_query,True
2927,artvin de saat kaç,datetime_query,datetime_query,datetime_query,True
2931,sıradaki ölürüm sana 'yı çal,play_music,play_music,play_music,True
2957,sabah on için alarm var mı,alarm_query,alarm_query,alarm_query,True
2959,robot süpürgeyi başlat,iot_cleaning,iot_cleaning,iot_cleaning,True
2960,elektrik süpürgesini başlat,iot_cleaning,iot_cleaning,iot_cleaning,True
2962,lütfen haluk levent ten bir şarkı çal,play_music,play_music,play_music,True
2965,ofis ışıklarını kapat,iot_hue_lightoff,iot_hue_lightoff,iot_hue_lightoff,True
2975,lütfen ışık renklerini kırmızıya çevir,iot_hue_lightchange,iot_hue_lightchange,iot_hue_lightchange,True
2983,kurulu alarmı kaldır,alarm_remove,alarm_remove,alarm_remove,True
2985,alarmı iptal et,alarm_remove,alarm_remove,alarm_remove,True
2995,lütfen bana borsa ile ilgili haberleri söyle,qa_stock,news_query,news_query,False
3002,tarkan 'dan şarkılar çal,play_music,play_music,play_music,True
3008,ışıkları benim için arttırır mısın lütfen,iot_hue_lightup,iot_hue_lightup,iot_hue_lightup,True
3011,benim için ışığı geri al,iot_hue_lightup,iot_hue_lightup,iot_hue_lightup,True
3020,salcılar paket servis yapıyor mu,takeaway_query,takeaway_query,takeaway_query,True
3021,paket servis müsait louies,takeaway_query,takeaway_query,takeaway_query,True
3029,ben bu şarkıdan nefret ediyorum,music_dislikeness,music_dislikeness,music_dislikeness,True
3030,bu şarkıyı seviyorum,music_likeness,music_likeness,music_likeness,True
3031,şarkıyı tekrar çalmak istiyorum,play_music,music_settings,music_settings,False
3034,bana sıcaklığı söyle,weather_query,weather_query,weather_query,True
3037,ön sayfa haberleri lütfen,news_query,news_query,news_query,True
3039,haberlerde ne yeni,news_query,news_query,news_query,True
3050,benim ışık rengimi maviye çevir ve mutfak ışığını kapat lütfen,iot_hue_lightchange,iot_hue_lightchange,iot_hue_lightchange,True
3060,tgrt den yeni haberler nelerdir,news_query,news_query,news_query,True
3077,prizi kapat,iot_wemo_off,iot_wemo_off,iot_wemo_off,True
3080,abur cubur zamanı,takeaway_order,general_quirky,general_quirky,False
3091,pasifik standart zamanına göre saat kaç,datetime_query,datetime_query,datetime_query,True
3096,new jersey'de hava nasıl,weather_query,weather_query,weather_query,True
3098,ışıkları kapalı yap,iot_hue_lightoff,iot_hue_lightoff,iot_hue_lightoff,True
3099,bana bazı güncel olayları göster,news_query,news_query,news_query,True
3101,olly haberleri aç,news_query,news_query,news_query,True
3103,bu şarkı yı tekrar çalma,music_dislikeness,music_settings,music_settings,False
3114,bu müziği çok seviyorum lütfen bunu dans listeme kaydedip beğendimi hatırla,music_likeness,music_likeness,music_likeness,True
3116,geçen yıldan benim favori parçamı çal,play_music,play_music,play_music,True
3117,grup seksendörtün akıyor zaman albümünden bir şey çal,play_music,play_music,play_music,True
3118,standar doğu saati kaç şu anda,datetime_query,datetime_query,datetime_query,True
3124,benim çalma listemden rastgele parça çal,play_music,play_music,play_music,True
3127,bu ay kaç kere kasırga çıktı,general_quirky,weather_query,weather_query,False
3128,olly bu ay kaç hortum olacak,general_quirky,general_quirky,general_quirky,True
3138,bana tuzlu karamel aromalı kremalı bir kahve yap,iot_coffee,iot_coffee,iot_coffee,True
3146,benim sezen aksu çalma listemden bir nolu şarkıyı çal,play_music,play_music,play_music,True
3161,yarın sabah altıya ayarlanmış herhangi bir alarmım var mı,alarm_query,alarm_query,alarm_query,True
3162,kurduğum alarmlarımı göster,alarm_query,alarm_query,alarm_query,True
3167,yatak odamın ışığını söndür,iot_hue_lightoff,iot_hue_lightoff,iot_hue_lightoff,True
3174,müzik çalma listesi çal,play_music,play_music,play_music,True
3175,hoparlörleri kapat,audio_volume_mute,audio_volume_mute,audio_volume_mute,True
3178,bu şarkı ne zaman çıktı,music_query,music_query,music_query,True
3184,dur meyve suyunu başlat,iot_wemo_on,play_audiobook,play_audiobook,False
3193,beş puan ver,music_likeness,music_likeness,music_likeness,True
3196,hey olly bana bir kremalı kahve yapar mısın,iot_coffee,iot_coffee,iot_coffee,True
3204,lütfen not et jazz seviyorum ve diskodan nefret ediyorum,music_likeness,music_likeness,music_likeness,True
3205,pinhani 'den büyük adam 'ı aç,play_music,play_audiobook,play_audiobook,False
3207,tarkan 'dan dudu dudu yayınla,play_music,play_music,play_music,True
3212,o zaman bana bir şey yapmamı hatırlat,calendar_set,calendar_set,calendar_set,True
3213,o zaman için yeni bir alarm kur,alarm_set,alarm_set,alarm_set,True
3214,erdoğanın rusya ile ilişkilerine yönelik soruşturma nın şu anki durumu nedir,news_query,news_query,news_query,True
3222,daha düşük ışık istiyorum,iot_hue_lightdim,iot_hue_lightdim,iot_hue_lightdim,True
3228,kurban bayramı bu yıl haftanın hangi gününe denk geliyor,datetime_query,datetime_query,datetime_query,True
3253,bu öğlen yağmur bekleniyor mu,weather_query,weather_query,weather_query,True
3264,reggae müzik çal,play_music,play_music,play_music,True
3276,guşgana kebapçısı adrese teslim yapıyor mu olly,takeaway_query,takeaway_query,takeaway_query,True
3280,ışıkları kıs lütfen,iot_hue_lightdim,iot_hue_lightdim,iot_hue_lightdim,True
3295,yakınlardaki tadım pizza teslimat yapıyor mu,takeaway_query,takeaway_query,takeaway_query,True
3298,akıllı prizi kapat,iot_wemo_off,iot_wemo_off,iot_wemo_off,True
3305,bu hafta miami için hava nasıl,weather_query,weather_query,weather_query,True
3306,hafta için hava tahmini nasıl,weather_query,weather_query,weather_query,True
3320,lütfen cezvemi benim için çalıştır,iot_coffee,iot_cleaning,iot_cleaning,False
3321,lütfen bir fincan kahve yap,iot_coffee,iot_coffee,iot_coffee,True
3323,lütfen kahve cezvemi aç,iot_coffee,iot_coffee,iot_coffee,True
3326,fişi kapat,iot_wemo_off,iot_wemo_off,iot_wemo_off,True
3329,haberleri görmek istiyorum,news_query,news_query,news_query,True
3330,bir espri duymak istiyorum,general_joke,general_quirky,general_quirky,False
3337,otuz üç bin yedi yüz yetmiş için hava raporu,weather_query,weather_query,weather_query,True
3338,niğde için hava durumunu ver,weather_query,weather_query,weather_query,True
3349,araba nerede,audio_volume_up,general_quirky,general_quirky,False
3361,gelecek salı ayın kaçı,datetime_query,datetime_query,datetime_query,True
3364,tak tak,general_joke,play_audiobook,play_audiobook,False
3378,mutfakta ışık olmasın,iot_hue_lightoff,iot_hue_lightoff,iot_hue_lightoff,True
3386,ışıkları orta seviyeye indir,iot_hue_lightoff,iot_hue_lightdim,iot_hue_lightdim,False
3387,burayı kırmızı yap,iot_hue_lightchange,iot_hue_lightchange,iot_hue_lightchange,True
3398,lütfen akşam beş için alarmımı kur,alarm_set,alarm_set,alarm_set,True
3400,sıla 'nın canlı bir versiyonunu çal,play_music,play_audiobook,play_audiobook,False
3401,en popüler emre aydın şarkısı çal,play_music,play_music,play_music,True
3406,on günlük tahmin nedir,weather_query,weather_query,weather_query,True
3407,bu hafta yağmur veya kar beklentisi var mı,weather_query,weather_query,weather_query,True
3408,bu hafta sonu hava güzel olacak mı,weather_query,weather_query,weather_query,True
3413,siparişimin sırasını biliyor musun,takeaway_query,takeaway_query,takeaway_query,True
3418,kahve makinemi bana sabah yedide kahve yapacak şekilde ayarlar mısın,iot_coffee,iot_coffee,iot_coffee,True
3426,dışarısı kaç derece,weather_query,weather_query,weather_query,True
3433,yeni pop müzik,play_music,play_music,play_music,True
3434,en iyi rap müzik,play_music,play_music,play_music,True
3435,en son alarmı sil,alarm_remove,alarm_remove,alarm_remove,True
3441,çarşamba ayın yirmisi mi,datetime_query,datetime_query,datetime_query,True
3444,saat on mu,datetime_query,datetime_query,datetime_query,True
3447,hava durumu cumartesi için yağmur ihtimali veriyor mu,weather_query,weather_query,weather_query,True
3460,sessiz zaman,audio_volume_mute,audio_volume_mute,audio_volume_mute,True
3474,lütfen müzik sesini kıs,audio_volume_down,audio_volume_down,audio_volume_down,True
3481,adı verilen sanatçı tarafından okunmuş en meşhur şarkıyı çal,play_music,play_music,play_music,True
3486,daha sessizce konuş lütfen,audio_volume_down,audio_volume_down,audio_volume_down,True
3489,şimdi müzik çal lütfen,play_music,play_music,play_music,True
3492,benim en çok dinlediğim şarkı listesini aç,play_music,play_music,play_music,True
3503,eskişehir'de hava nasıl,weather_query,weather_query,weather_query,True
3507,tahminde kar var mı,weather_query,weather_query,weather_query,True
3513,sadece benim listemi çal,play_music,play_music,play_music,True
3516,bugünün yağış olasılığı nedir,weather_query,weather_query,weather_query,True
3522,lütfen balkon ışıklarımı aç,iot_hue_lighton,iot_hue_lighton,iot_hue_lighton,True
3532,lütfen zaman dilimini türkiye olarak değiştir,datetime_convert,datetime_convert,datetime_convert,True
3539,lütfen tarkan 'dan ölürüm sana çal,play_music,play_music,play_music,True
3542,oturma odasının ışıklarını yeşil ve kırmızıya çevir,iot_hue_lightchange,iot_hue_lightchange,iot_hue_lightchange,True
3543,ışığın biraz daha kırmızımsı olmasını istiyorum,iot_hue_lightchange,iot_hue_lightchange,iot_hue_lightchange,True
3546,caz müzik dinlemek isterim,play_music,play_music,play_music,True
3550,biraz led zeppelin aç,play_music,play_music,play_music,True
3554,aşk çalma listesi ni açar mısın,play_music,play_music,play_music,True
3562,kedi gibi yi çal,play_music,play_music,play_music,True
3566,aydın da mevcut saat ne,datetime_query,datetime_query,datetime_query,True
3568,kahve makinemi ayarla,iot_coffee,iot_coffee,iot_coffee,True
3570,bahçe avlusundaki ışıkları kapat,iot_hue_lightoff,iot_hue_lightoff,iot_hue_lightoff,True
3576,fox haberler de son olaylar ne,news_query,news_query,news_query,True
3581,sesi kapat,audio_volume_mute,audio_volume_mute,audio_volume_mute,True
3582,sessize al lütfen,audio_volume_mute,audio_volume_mute,audio_volume_mute,True
3586,bursa'da hava nasıl,weather_query,weather_query,weather_query,True
3590,yüksek sesle konuş,audio_volume_up,audio_volume_up,audio_volume_up,True
3595,daha aydınlık,iot_hue_lightup,iot_hue_lightup,iot_hue_lightup,True
3598,peki ya sen,general_quirky,general_quirky,general_quirky,True
3600,on dakika sonra bana hatırlat,calendar_set,calendar_set,calendar_set,True
3603,habertürk'den son haberler neler,news_query,news_query,news_query,True
3605,fox t. v.'deki son haberler neler,news_query,news_query,news_query,True
3606,ankara da saat kaç,datetime_query,datetime_query,datetime_query,True
3614,bugün güneşli değil mi,weather_query,weather_query,weather_query,True
3623,bugün dünyada neler oluyor,news_query,news_query,news_query,True
3624,star t. v.' den haberler,news_query,news_query,news_query,True
3631,hey google benim için biraz jazz müzik çal,play_music,play_music,play_music,True
3654,ne tür müzik sevdiğimi düşünüyorsun,music_query,music_query,music_query,True
3669,bana bir yerdeki saati söyle,datetime_convert,datetime_query,datetime_query,False
3671,bu restoran da paket servis alabilir miyim,takeaway_query,takeaway_query,takeaway_query,True
3674,mutfağın farklı renkte olmasını seviyorum,iot_hue_lightchange,iot_hue_lightchange,iot_hue_lightchange,True
3683,olly bir kereden fazla dinlediğim tüm şarkıları kaydet,music_likeness,music_likeness,music_likeness,True
3686,benim rock müzik için hazırladığım çalma listemi aç,play_music,play_music,play_music,True
3694,yarın sabah beş otuz için alarma ihtiyacım var,alarm_set,alarm_set,alarm_set,True
3695,bugün üçe bir alarm istiyorum,alarm_set,alarm_set,alarm_set,True
3700,ışıklar yüzde,iot_hue_lightchange,iot_hue_lightchange,iot_hue_lightchange,True
3702,olly yarın için bir alarm kurdum mu,alarm_query,alarm_query,alarm_query,True
3714,benim çalma listemi en sondan başlayarak çal,play_music,play_music,play_music,True
3717,lütfen benim doksanlar rap hitlerimi çal,play_music,play_music,play_music,True
3723,bu şarkıdan sonra tarkanın kedi gibi şarkısını dinlemek istiyorum,play_music,play_music,play_music,True
3725,bugün günlerden ne,datetime_query,datetime_query,datetime_query,True
3727,hande yener den yalanın batsın çal,play_music,play_music,play_music,True
3734,ışıkları kırmızı renge çevir,iot_hue_lightchange,iot_hue_lightchange,iot_hue_lightchange,True
3741,şu anda hangi şarkı çalıyor,music_query,music_query,music_query,True
3742,çalan şarkının adını biliyor musun,music_query,music_query,music_query,True
3750,olly sel ile ilgili yeni bir haber çıkarsa hemen haber verir misin,news_query,news_query,news_query,True
3761,beni sabah sekizde kaldır,alarm_set,alarm_set,alarm_set,True
3762,ışıkları artır,iot_hue_lightup,iot_hue_lightup,iot_hue_lightup,True
3771,bana alarmları söyle,alarm_query,alarm_query,alarm_query,True
3774,akıllı soketi devre dışı bırak,iot_wemo_off,iot_wemo_off,iot_wemo_off,True
3775,akıllı soketi şimdi kapatmak istiyorum,iot_wemo_off,iot_wemo_off,iot_wemo_off,True
3779,youtube playlist ten yalan ı oynat,play_music,play_music,play_music,True
3780,benim geceyarısı sevdası çalma listemi çal,play_music,play_music,play_music,True
3784,kıbrıs için hava durumunu ver,weather_query,weather_query,weather_query,True
3785,banyo ışığını kapat lütfen,iot_hue_lightoff,iot_hue_lightoff,iot_hue_lightoff,True
3809,hoparlör sesini yavaşlat,audio_volume_down,audio_volume_down,audio_volume_down,True
3812,on beş dakika boyunca sessize al,audio_volume_mute,audio_volume_mute,audio_volume_mute,True
3819,lütfen şu anki şarkıyı beş yıldız olarak değerlendir,music_likeness,music_likeness,music_likeness,True
3822,bana arabalar hakkında bilgi bul,news_query,qa_definition,qa_definition,False
3829,hafta içi dokuza ayarlanmış alarmı kaldır lütfen,alarm_remove,alarm_remove,alarm_remove,True
3834,ışıkları kıs,iot_hue_lightdim,iot_hue_lightdim,iot_hue_lightdim,True
3835,çin yemeği paket servis siparişi yapmak istiyorum,takeaway_order,takeaway_order,takeaway_order,True
3837,müziği sessize al,audio_volume_mute,audio_volume_mute,audio_volume_mute,True
3838,sesi kapat,audio_volume_mute,audio_volume_mute,audio_volume_mute,True
3841,roombayı etkinleştir,iot_cleaning,iot_cleaning,iot_cleaning,True
3852,şu anda elmadağ için hava nasl olacak,weather_query,weather_query,weather_query,True
3859,lütfen benim favorim rap müzik çalma listem i çal,play_music,play_music,play_music,True
3864,şu an dinlediğim şarkıyı kim söylüyor,music_query,music_query,music_query,True
3870,bu haftasonu benim uçuş um için uyanmak üzere ben hangi saat için alarm ımı ayarladım,alarm_query,alarm_query,alarm_query,True
3883,ışıkların parlaklığını arttır,iot_hue_lightup,iot_hue_lightup,iot_hue_lightup,True
3884,mevcut kurulu alarmları listele,alarm_query,alarm_query,alarm_query,True
3886,şu anda listelenen herhangi bir alarm,alarm_query,alarm_query,alarm_query,True
3894,onu yeniden oku,play_audiobook,play_audiobook,play_audiobook,True
3907,geçen yılın hitleri ni çal bana,play_music,play_music,play_music,True
3911,bu yıl grammy almış bazı şarkılar çal,play_music,play_music,play_music,True
3912,oryantal ve folk müzik dinlemek istiyorum,play_music,play_music,play_music,True
3915,bu iyi bir melodi lütfen dosyayı buna göre not et,music_likeness,music_likeness,music_likeness,True
3936,sıcaklık kaç derece,weather_query,weather_query,weather_query,True
3960,saati söyle,datetime_query,datetime_query,datetime_query,True
3967,rap,play_music,play_music,play_music,True
3980,lütfen tarkan dan ölürüm sana çal,play_music,play_music,play_music,True
3982,lütfen benim itunes kütüphanemde ilk şarkıyı seç,play_music,play_music,play_music,True
3986,sabah altıya alarm kur,alarm_set,alarm_set,alarm_set,True
3993,ışıkları kapatabilir misin,iot_hue_lightoff,iot_hue_lightoff,iot_hue_lightoff,True
3995,ramazan bayramı haftanın hangi günü,datetime_query,datetime_query,datetime_query,True
4001,survivor da ne oldu,news_query,news_query,news_query,True
4013,hadi tozları süpürelim,iot_cleaning,iot_cleaning,iot_cleaning,True
4017,şu anki alarmlarımı ortadan kaldır,alarm_remove,alarm_remove,alarm_remove,True
4023,haberlerde neler var,news_query,news_query,news_query,True
4024,lütfen gücü kapat,iot_wemo_off,iot_wemo_off,iot_wemo_off,True
4026,kapat,iot_wemo_off,iot_hue_lightoff,iot_hue_lightoff,False
4031,doksanlar dans müzikleri çal,play_music,play_music,play_music,True
4040,en çok dinlediğim şarkıyı çal,play_music,play_music,play_music,True
4043,elektrik süpürgesini çalıştır,iot_cleaning,iot_cleaning,iot_cleaning,True
4048,lütfen günaydın et lokantasının sipariş alıp almadığını öğren,takeaway_query,takeaway_query,takeaway_query,True
4058,biraz rap müzik dinlemek istiyorum,play_music,play_music,play_music,True
4073,ayın beşi hangi gün,datetime_query,datetime_query,datetime_query,True
4077,mutfak ışıklarını kapat,iot_hue_lightoff,iot_hue_lightoff,iot_hue_lightoff,True
4081,yarın eve giderken markette durup yiyecek almayı hatırlamak için bir alarm kurmak istiyorum,alarm_set,alarm_set,alarm_set,True
4084,bir kahve yap,iot_coffee,iot_coffee,iot_coffee,True
4086,güzel şarkı sözleri,music_likeness,music_likeness,music_likeness,True
4088,tepe ışığını kapat,iot_hue_lightoff,iot_hue_lightoff,iot_hue_lightoff,True
4090,hoparlörlerimdeki sesi artır,audio_volume_up,audio_volume_up,audio_volume_up,True
4104,bugün karşıyaka'da hava nasıl,weather_query,weather_query,weather_query,True
4112,mevcut zamanı g. m. t. den e. s. t. e çevir,datetime_convert,datetime_convert,datetime_convert,True
4116,karışık çalma listesini çal lütfen,play_music,play_music,play_music,True
4119,kaliforniya daki barajın yıkılmasıyla ilgili her şeyi bilmek istiyorum,news_query,news_query,news_query,True
4121,alarmı saat kaça kurdun,alarm_query,alarm_query,alarm_query,True
4125,nereden paket adana yemeği ve bir duble rakı alabilirim,takeaway_query,takeaway_order,takeaway_order,False
4130,dans dersi için hatırlatıcı alarmım kuruldu mu,alarm_query,alarm_query,alarm_query,True
4132,bugün için niğde aksaray da yağmur ihtimali oranını bildir bana,weather_query,weather_query,weather_query,True
4136,imogen heap açabilir misin lütfen,play_music,play_music,play_music,True
4137,hacıoğlunun paket servisi yapıp yapmadığını teyit eder misin,takeaway_query,takeaway_query,takeaway_query,True
4145,bugün hangi alarmları kurdum,alarm_query,alarm_query,alarm_query,True
4152,yıllar utansın şarkısını çal lütfen,play_music,play_music,play_music,True
4154,internetimi kapat,iot_wemo_off,iot_wemo_off,iot_wemo_off,True
4155,ses seviyesini yüzde otuz beşe getir,audio_volume_other,audio_volume_up,audio_volume_up,False
4166,ses seviyesini maksimuma değiştir,audio_volume_other,audio_volume_up,audio_volume_up,False
4168,lütfen aydın'da hava durumunu kontrol edin,weather_query,weather_query,weather_query,True
4171,mutfaktaki ışıkları kapat,iot_hue_lightoff,iot_hue_lightoff,iot_hue_lightoff,True
4173,elektrikli süpürgeyi çalıştır ve kullan,iot_cleaning,iot_cleaning,iot_cleaning,True
4174,hey olly mevcut ışık ayarlarını değiştir,iot_hue_lightchange,iot_hue_lightchange,iot_hue_lightchange,True
4177,bana dünyadaki son politik haber başlıklarını ver,news_query,news_query,news_query,True
4178,başkanlık hakkında herhangi bir haber var mı,news_query,news_query,news_query,True
4183,new york için mevcut zaman,datetime_query,datetime_query,datetime_query,True
4186,hey olly saat kaç,datetime_query,datetime_query,datetime_query,True
4187,hey siri saat kaç,datetime_query,datetime_query,datetime_query,True
4189,dinlediğimiz bu müzik türüne ne ad verirsin,music_query,music_query,music_query,True
4201,akıllı soket açık,iot_wemo_on,iot_wemo_on,iot_wemo_on,True
4205,pentagram 'dan bir 'i dinlemek istiyorum,play_music,play_music,play_music,True
4212,bu akşam çim biçmem mümkün olacak mı,weather_query,weather_query,weather_query,True
4216,bana şimdiye kadar anlatılan en komik fıkrayı anlat,general_joke,general_joke,general_joke,True
4217,güzel komik fıkralar duymak isterim,general_joke,general_joke,general_joke,True
4224,çin yemeğim ne zaman gelecek,takeaway_query,takeaway_query,takeaway_query,True
4227,önümüzdeki hafta için yapılan tahminlerde yağmur var mı,weather_query,weather_query,weather_query,True
4232,tarkan dan yolla yı aç,play_music,play_music,play_music,True
4236,halen öğleden sonra mı,datetime_query,datetime_query,datetime_query,True
4240,roombayı aç,iot_cleaning,iot_cleaning,iot_cleaning,True
4241,lütfen konuşma,audio_volume_mute,audio_volume_mute,audio_volume_mute,True
4244,olly bana kahve yapmak için kahve makinesini aç,iot_coffee,iot_coffee,iot_coffee,True
4247,evdeki tüm ışıkları maviye çevir,iot_hue_lightchange,iot_hue_lightchange,iot_hue_lightchange,True
4248,ev ışıkları mavi,iot_hue_lightchange,iot_hue_lightchange,iot_hue_lightchange,True
4249,ev evdeki bütün ışıkları mavi yap,iot_hue_lightchange,iot_hue_lightchange,iot_hue_lightchange,True
4253,doğu standart saat diliminde şu an saat kaç,datetime_query,datetime_query,datetime_query,True
4254,türkiyenin doğu kıyısında saat kaç,datetime_query,datetime_query,datetime_query,True
4258,son haberler ne,news_query,news_query,news_query,True
4266,bugün için hava durumu nedir,weather_query,weather_query,weather_query,True
4268,listedeki bir sonraki şarkıya geç,music_settings,play_music,play_music,False
4271,şimdi kahve hazırla,iot_coffee,iot_coffee,iot_coffee,True
4272,kahvem soğuk lütfen daha fazla kahve yap,iot_coffee,iot_coffee,iot_coffee,True
4273,yolla şarkısını çal,play_music,play_music,play_music,True
4283,bu odadaki parlaklığı artır,iot_hue_lightup,iot_hue_lightup,iot_hue_lightup,True
4290,bu gece yanıma bir ceket almalı mıyım,weather_query,weather_query,weather_query,True
4299,ışığı burada daha kırmızı yap,iot_hue_lightchange,iot_hue_lightchange,iot_hue_lightchange,True
4305,teoman 'dan kupa kızı ve sinek valesi şarkısını çal,play_music,play_music,play_music,True
4309,istanbul türkiye de gece yarısı kaçta oluyor,datetime_query,datetime_query,datetime_query,True
4312,paris'te hava on dereceden az mı olacak,weather_query,weather_query,weather_query,True
4313,yarın roma'da yağış var mı,weather_query,weather_query,weather_query,True
4319,yarın onda kalkmam gerek,alarm_set,calendar_set,calendar_set,False
4334,facebook akışım nasıl görünüyor,social_query,social_query,social_query,True
4336,türkiye de saat kaç,datetime_query,datetime_query,datetime_query,True
4346,ışıkları kapat,iot_hue_lightoff,iot_hue_lightoff,iot_hue_lightoff,True
4347,çalışan ışıkları durdur,iot_hue_lightoff,iot_hue_lightoff,iot_hue_lightoff,True
4355,şu an bulunduğum yerde hava nasıl,weather_query,weather_query,weather_query,True
4361,bana birkaç iyi ses ver,play_music,audio_volume_other,audio_volume_other,False
4362,istanbul da saat kaç,datetime_query,datetime_query,datetime_query,True
4375,tüm alarmları gözden geçir,alarm_query,alarm_query,alarm_query,True
4376,bugün dışarıda hava nasıl,weather_query,weather_query,weather_query,True
4377,şu anki hava durumu nasıl,weather_query,weather_query,weather_query,True
4383,hava yarın nasıl olacak,weather_query,weather_query,weather_query,True
4391,c. n. n. deki manşetler neler,news_query,news_query,news_query,True
4400,sabah gazetesinde hakkında en çok konuşulan makaleler nelerdir,news_query,news_query,news_query,True
4402,bugün bir şemsiye taşımam gerekecek mi,weather_query,weather_query,weather_query,True
4412,bursa'da hava nasıl,weather_query,weather_query,weather_query,True
4428,şarkıyı tanımla,music_query,music_query,music_query,True
4436,nasıl bir ceket giymeliyim,weather_query,general_quirky,general_quirky,False
4439,san francisco'da hava nasıl,weather_query,weather_query,weather_query,True
4442,üçte kahve yap,iot_coffee,iot_coffee,iot_coffee,True
4443,kahve makinesini üçte çalıştır,iot_coffee,iot_coffee,iot_coffee,True
4449,bugün öğleden sonra bir de yağmur yağacak mı,weather_query,weather_query,weather_query,True
4452,şarkılar çal,play_music,play_music,play_music,True
4461,tersane ocakbaşı da sadece akşam yemeği mi var,takeaway_query,calendar_query,calendar_query,False
4463,mart ayında kaç cumartesi var,datetime_query,datetime_query,datetime_query,True
4477,sıradaki şarkıyı çal,play_music,play_music,play_music,True
4482,bu sabah yolumdaki karları temizlemem lazım mı,weather_query,weather_query,weather_query,True
4486,bana bu hafta için hava durumu tahminlerini ver,weather_query,weather_query,weather_query,True
4487,perşembe yağmur yağacak mı,weather_query,weather_query,weather_query,True
4491,tayyip erdoğan ile ilgili son haberler neler,news_query,news_query,news_query,True
4492,benim bölgemdeki en son suç istatistikleri nasıl,news_query,news_query,news_query,True
4496,vogue bugün ne paylaştı,news_query,social_query,social_query,False
4502,hey ankarada saat kaç,datetime_query,datetime_query,datetime_query,True
4516,olly ışıkların rengini değiştir,iot_hue_lightchange,iot_hue_lightchange,iot_hue_lightchange,True
4524,olly bugün hava durumu nasıl,weather_query,weather_query,weather_query,True
4544,on iki parça baharatlı bal hardallı kanat kombo ve içecek olarak da sprite sipariş et,takeaway_order,takeaway_order,takeaway_order,True
4547,köpek gezdirme çalma listesi açl,play_music,play_music,play_music,True
4550,hey olly ben ege 'den müzik istiyorum,music_likeness,play_music,play_music,False
4554,biraz kahve yapar mısın,iot_coffee,iot_coffee,iot_coffee,True
4560,bu şarkı hangisi,music_query,music_query,music_query,True
4567,nytimescom dan en son başlıkları oku,news_query,news_query,news_query,True
4580,ankara da saat kaç,datetime_query,datetime_query,datetime_query,True
4587,benim favorilerimi çal,play_music,play_music,play_music,True
4589,spor maçları için bir uyarı kur,calendar_set,calendar_set,calendar_set,True
4601,öğleden sonra beş olduğunda haber ver,alarm_set,calendar_set,calendar_set,False
4606,günün borsa bilgilerini bul,news_query,qa_stock,qa_stock,False
4614,yarın sıcaklık kırktan yüksek mi olacak,weather_query,weather_query,weather_query,True
4618,akıllı prizi etkinleştir,iot_wemo_on,iot_wemo_on,iot_wemo_on,True
4620,yeni akıllı soketi aç,iot_wemo_on,iot_wemo_on,iot_wemo_on,True
4638,ses ayarlarını negatif olarak değiştir alexa,audio_volume_other,audio_volume_other,audio_volume_other,True
4653,hoparlörleri sessize al,audio_volume_mute,audio_volume_mute,audio_volume_mute,True
4654,sabah altı buçuğa alarm kur,alarm_set,alarm_set,alarm_set,True
4659,konuşma,audio_volume_mute,play_audiobook,play_audiobook,False
4662,show tv den haberler alexa,news_query,news_query,news_query,True
4667,şu anki saat,datetime_query,datetime_query,datetime_query,True
4671,bu şarkıdan gerçekten zevk alıyorum,music_likeness,music_likeness,music_likeness,True
4672,bu gelmiş geçmiş en iyi grup,music_likeness,music_likeness,music_likeness,True
4673,lütfen tüm alarmlarımı listele,alarm_query,alarm_query,alarm_query,True
4680,sandalet mi yoksa çorap ve ayakkabı mı giymem lazım,weather_query,weather_query,weather_query,True
4689,hava durumunu biliyor musun,weather_query,weather_query,weather_query,True
4692,ben güzelden anlarım şarkı sını çal,play_music,play_music,play_music,True
4702,google lütfen hoparlörlerimi aç,audio_volume_up,audio_volume_up,audio_volume_up,True
4710,bu yıl cadılar bayramı hangi gün,datetime_query,datetime_query,datetime_query,True
4712,yarın beni uyandırma,alarm_remove,alarm_set,alarm_set,False
4764,pazartesi günü yağmur yağacak mı,weather_query,weather_query,weather_query,True
4767,meksika amerika sınır duvarı nı içeren yeni bir bilgi var mı,news_query,news_query,news_query,True
4772,bana bu zaman dilimi ni söyle,datetime_query,datetime_query,datetime_query,True
4776,lütfen bana hangi alarmların aktif olduğunu söyle,alarm_query,alarm_query,alarm_query,True
4780,doğumgünüm bu sene yirmi yedi haziranda hangi güne denk geliyor,datetime_query,datetime_query,datetime_query,True
4784,bir cekete ihtiyacım var mı,weather_query,weather_query,weather_query,True
4798,her gün kahve istiyorum,iot_coffee,iot_coffee,iot_coffee,True
4799,lütfen wemo prizini aç,iot_wemo_on,iot_wemo_on,iot_wemo_on,True
4803,ışıkları farklı tonlara değiştir,iot_hue_lightchange,iot_hue_lightchange,iot_hue_lightchange,True
4809,bu şarkı hakkında ne hissettiğimi hatırla,music_likeness,music_likeness,music_likeness,True
4813,başka bir şehir de saat kaç,datetime_query,datetime_query,datetime_query,True
4826,lambaları pembe yap,iot_hue_lightchange,iot_hue_lightchange,iot_hue_lightchange,True
4831,hoparlör sesini artır,audio_volume_up,audio_volume_up,audio_volume_up,True
4833,verileri temizle,audio_volume_mute,general_quirky,general_quirky,False
4837,hiç haber var mı olly,news_query,news_query,news_query,True
4838,sezen aksu 'nun bütün müziklerini çal,play_music,play_music,play_music,True
4845,benim bulunduğum yer ile istanbul arasındaki uzaklık ne kadar,datetime_convert,transport_query,transport_query,False
4848,beni yarım saat içinde uyandır,alarm_set,alarm_set,alarm_set,True
4851,alarmım kurulu mu,alarm_query,alarm_query,alarm_query,True
4854,sesi kapat,audio_volume_mute,audio_volume_mute,audio_volume_mute,True
4871,hava dışarıda nasıl,weather_query,weather_query,weather_query,True
4874,şarkı önerisi gir,music_likeness,music_query,music_query,False
4881,mevcut yerel zamanı ve zaman dililmini ara,datetime_query,datetime_query,datetime_query,True
4882,bir şehir de saat kaç,datetime_query,datetime_query,datetime_query,True
4887,hadise'nin şarkısı ile ilgili benim fikrimi kaydet,music_likeness,music_likeness,music_likeness,True
4890,türkiye deki hava felaketleri ile ilgili tüm mevcut bildirimleri kur,calendar_set,news_query,news_query,False
4896,tepe lambalarını azalt,iot_hue_lightdim,iot_hue_lightdim,iot_hue_lightdim,True
4909,kardeş türküler den şarkılar çal,play_music,play_music,play_music,True
4913,bu fıkrayı biliyor musun,general_joke,general_joke,general_joke,True
4917,dışarıdaki sıcaklık,weather_query,weather_query,weather_query,True
4921,ilk alarmımı kapat,alarm_remove,alarm_remove,alarm_remove,True
4928,oynatma listemi çal,play_music,play_music,play_music,True
4930,bugün öğleden sonra üç buçukda alarmı aç,alarm_set,alarm_set,alarm_set,True
4933,şimdi yağmur yağacak mı,weather_query,weather_query,weather_query,True
4934,domino's siparişimin saat kaçta varma ihtimali var,takeaway_query,takeaway_query,takeaway_query,True
4951,şu an saatin kaç olduğunu bilmek istiyorum,datetime_query,datetime_query,datetime_query,True
4953,tren kazası haberleri,news_query,news_query,news_query,True
4955,görmek ister misin,iot_hue_lightchange,general_quirky,general_quirky,False
4957,bu ayın yirmi üçü haftanın hangi günü,datetime_query,datetime_query,datetime_query,True
4960,müzik mor ve ötesi,play_music,play_music,play_music,True
4966,merhaba akıllı prizimi kapatmak istiyorum,iot_wemo_off,iot_wemo_off,iot_wemo_off,True
4968,bu yıl başkanlık seçimini kim kazandı,qa_factoid,qa_factoid,qa_factoid,True
4973,olly kumralım çal,play_music,play_music,play_music,True
4982,gelmiş geçmiş en komik fıkra hangisi,general_joke,general_joke,general_joke,True
4985,şu anda çalmakta olan şarkı ile ilgili fikri ve bu şarkıyı hangi oynatıcın tarafından desteklendiğini kaydetmek istiyorum,music_likeness,music_likeness,music_likeness,True
4988,benim için bir kahve hazırla,iot_coffee,iot_coffee,iot_coffee,True
4992,soketleri kapat,iot_wemo_off,iot_wemo_off,iot_wemo_off,True
4994,lütfen hoparlörümü sessize al,audio_volume_mute,audio_volume_mute,audio_volume_mute,True
4998,bu şarkıyı sonraki çalan şarkıya ekle,play_music,music_settings,music_settings,False
5006,alarmlarım hangi saatlere kurulu,alarm_query,alarm_query,alarm_query,True
5009,bu hafta şemsiyeye ihtiyacım olacak mı,weather_query,weather_query,weather_query,True
5010,her zamankinden yap,iot_coffee,general_quirky,general_quirky,False
5014,odayı daha parlak yapabilir misin,iot_hue_lightup,iot_hue_lightup,iot_hue_lightup,True
5016,piyasa iniş çıkış hakkında yeni haberleri ver,news_query,news_query,news_query,True
5017,lütfen bana bir kahve yapabilir misin,iot_coffee,iot_coffee,iot_coffee,True
5026,lütfen ışıkları doğal yap,iot_hue_lightchange,iot_hue_lightchange,iot_hue_lightchange,True
5027,en yakın on üçüncü cuma ne zaman,datetime_query,datetime_query,datetime_query,True
5037,bugün ne kadar soğuk,weather_query,weather_query,weather_query,True
5038,bu hafta hava nasıl olacak,weather_query,weather_query,weather_query,True
5040,hava şimdi nasıl,weather_query,weather_query,weather_query,True
5043,alarmımı öğlen on ikiye kur,alarm_set,alarm_set,alarm_set,True
5047,alexa evdeki ışıkları kapat lütfen,iot_hue_lightdim,iot_hue_lightoff,iot_hue_lightoff,False
5050,tüm akıllı cihazları kapat,iot_wemo_off,iot_wemo_off,iot_wemo_off,True
5051,yeni bir alarm kur,alarm_set,alarm_set,alarm_set,True
5062,lütfen bana seksenlerden şarkılar çal,play_music,play_music,play_music,True
5074,bu hafta hava nasıldı,weather_query,weather_query,weather_query,True
5082,sabah altı için yeni alarm,alarm_set,alarm_set,alarm_set,True
5085,cumartesi günü için hava tahmini nasıl,weather_query,weather_query,weather_query,True
5103,olly tüm futbol antrenmanı alarmlarını iptal et,alarm_remove,alarm_remove,alarm_remove,True
5116,herhangi bir alarm istemiyorum,alarm_remove,alarm_remove,alarm_remove,True
5118,ölürüm sana,play_music,play_music,play_music,True
5122,varsayılan alarmın ayarlanıp ayarlanmadığını kontrol et,alarm_query,alarm_query,alarm_query,True
5127,i̇şte birinin bütçesine göre yemekler hakkındaki gerçek,news_query,general_quirky,general_quirky,False
5128,almanya'ya seyahat biletini onayla,transport_ticket,transport_ticket,transport_ticket,True
5131,lütfen bana trabzon daki saati söyle,datetime_query,datetime_query,datetime_query,True
5134,arabesk çalma listemden şarkılar bul,play_music,play_music,play_music,True
5149,kahve makinesini açık konuma getir,iot_coffee,iot_coffee,iot_coffee,True
5152,lütfen iki şarkı atla,music_settings,music_settings,music_settings,True
5156,oturma odasındaki ışığı kapat,iot_hue_lightoff,iot_hue_lightoff,iot_hue_lightoff,True
5157,olly oturma odasındaki ışıkları kapat,iot_hue_lightoff,iot_hue_lightoff,iot_hue_lightoff,True
5158,karma albümünden en son şarkıyı çal,play_music,play_music,play_music,True
5159,lütfen sanatçı tarkan'nın şarkısını çalar mısın,play_music,play_music,play_music,True
5160,tarkan şarkısı çalabilir misin lütfen,play_music,play_music,play_music,True
5165,ışığın yoğunluğunu azalt,iot_hue_lightdim,iot_hue_lightdim,iot_hue_lightdim,True
5176,bu hafta nasıl bir hava beklemeliyim,weather_query,weather_query,weather_query,True
5196,brexit hakkında bilgi istiyorum,news_query,news_query,news_query,True
5198,bu şarkıya beş yıldız ver,music_likeness,music_likeness,music_likeness,True
5199,bu şarkıya fikrimi harika olarak ekle,music_likeness,music_likeness,music_likeness,True
5201,ışıkları daha düşük seviyede aydınlığa kıs,iot_hue_lightdim,iot_hue_lightdim,iot_hue_lightdim,True
5204,sabah sekiz girne saatini istanbul saatine çevir,datetime_convert,datetime_convert,datetime_convert,True
5219,lütfen hoparlörün sesini azalt,audio_volume_down,audio_volume_down,audio_volume_down,True
5221,hoparlör titreşimini kapat,audio_volume_mute,audio_volume_mute,audio_volume_mute,True
5225,gelecek çarşamba ayın kaçı,datetime_query,datetime_query,datetime_query,True
5229,müziği seviyorum,music_likeness,music_likeness,music_likeness,True
5243,siri lütfen banyodaki ışıkları kapat,iot_hue_lightoff,iot_hue_lightoff,iot_hue_lightoff,True
5245,çevre haberleri bildirimi ayarla,news_query,news_query,news_query,True
5250,şarkının adı,music_query,music_query,music_query,True
5258,bu şarkıyı çalma listesine ekle,music_likeness,music_likeness,music_likeness,True
5261,bu şarkı ece mumayın mı,music_query,music_query,music_query,True
5270,mevcut flaş haberler nedir,news_query,news_query,news_query,True
5278,lütfen sadece karışık pop müzik çal,play_music,play_music,play_music,True
5279,lütfen müzik çalar da duygusal bir şarkı çal,play_music,play_music,play_music,True
5286,t.r.t haberden göç haberleri göster,news_query,news_query,news_query,True
5292,alarmı kur,alarm_set,alarm_set,alarm_set,True
5296,olly baa habertürk'ten popüler haberleri ver,news_query,news_query,news_query,True
5297,bana fox t. v.'den popüler haberleri ver,news_query,news_query,news_query,True
5301,yirmi mart iki bin on yedi tarihinde hava nasıl olacak,weather_query,weather_query,weather_query,True
5307,bugün yirmi mart mı,datetime_query,datetime_query,datetime_query,True
5318,lütfen sadece ece ronayın şarkılarını çal,play_music,play_music,play_music,True
5321,hava durumunu göster,weather_query,weather_query,weather_query,True
5324,hey eve teslimat var mı,takeaway_query,takeaway_query,takeaway_query,True
5328,rock,play_music,play_music,play_music,True
5330,elektrikli süpürgeyi şimdi aç ve oturma odasını temizle,iot_cleaning,iot_cleaning,iot_cleaning,True
5332,birleşik devletler ve kanada saat farkı,datetime_convert,datetime_convert,datetime_convert,True
5333,ingiltere ile amerika arasındaki zaman farkı ne,datetime_convert,datetime_convert,datetime_convert,True
5339,düşük soğutma modu,weather_query,iot_hue_lightdim,iot_hue_lightdim,False
5341,lütfen beni saat konusunda uyar,datetime_query,calendar_set,calendar_set,False
5347,tekno müzik çal,play_music,play_music,play_music,True
5349,olly bana biraz loş ışık ver,iot_hue_lightdim,iot_hue_lightdim,iot_hue_lightdim,True
5358,mevcut saati değiştir,datetime_query,datetime_convert,datetime_convert,False
5365,sabah altıya alarm kur,alarm_set,alarm_set,alarm_set,True
5370,son trump tartışması ne,news_query,news_query,news_query,True
5378,s.,play_music,play_music,play_music,True
5396,lütfen soketi kapat,iot_wemo_off,iot_wemo_off,iot_wemo_off,True
5401,müzik,play_music,play_music,play_music,True
5406,h. d. iskender eve servis yapıyor mu,takeaway_query,takeaway_query,takeaway_query,True
5410,bana en sonki hürriyet manşetlerini oku,news_query,news_query,news_query,True
5411,fox t. v.'deki en popüler haberler neler,news_query,news_query,news_query,True
5413,müzik çal,play_music,play_music,play_music,True
5414,müzik açacak mısın,play_music,play_music,play_music,True
5427,şu an türkiye de saat kaç,datetime_query,datetime_query,datetime_query,True
5433,daha sonra yağmur yağacak mı,weather_query,weather_query,weather_query,True
5439,gece için şemsiye lazım mı,weather_query,weather_query,weather_query,True
5465,bugün sandaletlerimi giyebilir miyim,weather_query,weather_query,weather_query,True
5468,güneş gözlüğü almam gerekiyor mu,weather_query,weather_query,weather_query,True
5475,beni sabah altıda kaldırmana ihtiyacım var,alarm_set,alarm_set,alarm_set,True
5481,sesi kes,audio_volume_down,audio_volume_mute,audio_volume_mute,False
5488,eve teslimat pizza sipariş et,takeaway_order,takeaway_order,takeaway_order,True
5497,doğu anadolu ve trakya arasındaki saat farkı ne kadar,datetime_convert,datetime_convert,datetime_convert,True
5501,lütfen bütün ışıkları aç,iot_hue_lightup,iot_hue_lighton,iot_hue_lighton,False
5523,sekiz buçuğu gtm dörtten gmt beş buçuğa çevir,datetime_convert,datetime_convert,datetime_convert,True
5524,şu anki hava,weather_query,weather_query,weather_query,True
5525,bir saat boyunca sessize al,audio_volume_mute,audio_volume_mute,audio_volume_mute,True
5529,saat kaçta yürüyüşe çıkmalıyım,weather_query,calendar_query,calendar_query,False
5531,fondaki şarkı güzel,music_likeness,music_likeness,music_likeness,True
5544,bu şarkının müzik yönetmeni kim,music_query,music_query,music_query,True
5550,hiç ses çıkarma,audio_volume_mute,audio_volume_mute,audio_volume_mute,True
5552,hangisi ten kısa sürede teslimat veriyor,takeaway_query,takeaway_query,takeaway_query,True
5554,bu şarkı murat bozun mu,music_query,music_query,music_query,True
5557,reggae istiyorum,play_music,music_likeness,music_likeness,False
5568,gelecek pazar sabah saat dokuz için alarm kur,alarm_set,alarm_set,alarm_set,True
5570,yemek bul ve sipariş ver,takeaway_order,takeaway_order,takeaway_order,True
5573,lütfen mutfaktaki aydınlığa uygun şekilde parlaklığı ayarla,iot_hue_lightup,iot_hue_lightchange,iot_hue_lightchange,False
5574,oturma odasındaki ışıkları aydınlat,iot_hue_lightup,iot_hue_lightup,iot_hue_lightup,True
5577,akşam çok fırtınalı olursa her yerimi kapatan bir ceket lazım olacak,weather_query,weather_query,weather_query,True
5578,kış sabah ında sıcak çoraplar lazım olacak bana,weather_query,weather_query,weather_query,True
5579,ses seviyesini değiştirir misin,audio_volume_other,audio_volume_other,audio_volume_other,True
5584,lütfen ışıkları kapat,iot_hue_lightoff,iot_hue_lightoff,iot_hue_lightoff,True
5590,sıcaklık açık,weather_query,weather_query,weather_query,True
5593,ferdi tayfur 'dan sen ağlama çal,play_music,play_music,play_music,True
5600,yemek fiyatını ve hepsini kontrol et,takeaway_query,takeaway_query,takeaway_query,True
5611,sesi azalt,audio_volume_down,audio_volume_down,audio_volume_down,True
5614,şu an radyoda ne var,music_query,play_radio,play_radio,False
5615,çaldığın parçanın adı ne,music_query,music_query,music_query,True
5619,önceki şarkıyı çal,play_music,play_music,play_music,True
5623,alarm sabah on,alarm_set,alarm_set,alarm_set,True
5627,bana sezen aksu 'dan bir müzik çal,play_music,play_music,play_music,True
5635,sabah altı da uyandığımdan emin ol,alarm_set,alarm_set,alarm_set,True
5640,tarihi göster,datetime_query,datetime_query,datetime_query,True
5650,bugün akşamki hava durumunu sor,weather_query,weather_query,weather_query,True
5652,wemo prizini kapat,iot_wemo_off,iot_wemo_off,iot_wemo_off,True
5658,can bonomo 'dan bir müzik çal benim için,play_music,play_music,play_music,True
5661,şimdi yağmurluğumu yanıma alayım mı,weather_query,weather_query,weather_query,True
5671,izmir'de saat kaç,datetime_query,datetime_query,datetime_query,True
5678,on beş ağustos haftanın hangi günü,datetime_query,datetime_query,datetime_query,True
5683,benim parti şarkıları çalma listemi çal,play_music,play_music,play_music,True
5688,lütfen bana haber başlıklarını söyle,news_query,news_query,news_query,True
5691,atiye,music_likeness,play_music,play_music,False
5697,süpürmeye başla,iot_cleaning,iot_cleaning,iot_cleaning,True
5703,şu anki zaman,datetime_query,datetime_query,datetime_query,True
5707,benim favorilerimi dinle,play_music,play_music,play_music,True
5721,bana yarın bu bölgedeki hava durumunu söyle,weather_query,weather_query,weather_query,True
5722,bu hafta için yedi günlük hava tahminini göster,weather_query,weather_query,weather_query,True
5727,koridor ışık parlaklığını artır,iot_hue_lightup,iot_hue_lightup,iot_hue_lightup,True
5732,araba lastiklerimi yakın zamanda kar lastiklerine çevirmeli miyim,weather_query,weather_query,weather_query,True
5757,ikiye çeyrek var,datetime_query,qa_maths,qa_maths,False
5758,başkentte hava nasıl,weather_query,weather_query,weather_query,True
5774,sivasta şu anki saat,datetime_query,datetime_query,datetime_query,True
5797,dışarı çıkmadan önce yağmurluk giymeli miyim,weather_query,weather_query,weather_query,True
5812,varsayılan ses ayarı yap,audio_volume_other,audio_volume_other,audio_volume_other,True
5813,sessiz şarkı çal,play_music,play_music,play_music,True
5820,model pembe mezarlık,play_music,general_quirky,general_quirky,False
5823,yüzde yirmi azalt,audio_volume_down,qa_maths,qa_maths,False
5837,bana bu haftaki hava durumunu söyle,weather_query,weather_query,weather_query,True
5840,papa john's dan biraz yemek siparişine ihtiyacım var,takeaway_order,takeaway_order,takeaway_order,True
5856,akıllı prizi kapat,iot_wemo_off,iot_wemo_off,iot_wemo_off,True
5871,bugün mersin'de hava nasıl,weather_query,weather_query,weather_query,True
5886,sıcak konu,news_query,news_query,news_query,True
5888,elektriği kapat lütfen,iot_wemo_off,iot_wemo_off,iot_wemo_off,True
5902,alarmın sabah altıya kurulu olduğunu kontrol et,alarm_query,alarm_query,alarm_query,True
5911,müzikleri yeniden oynat,music_settings,play_music,play_music,False
5912,bu müziklerdeki şarkıları kes,music_settings,music_settings,music_settings,True
5917,bir kahve yap lütfen,iot_coffee,iot_coffee,iot_coffee,True
5919,new york köprüsü teklifi için en son güncelleme nedir,news_query,news_query,news_query,True
5930,huffington post'dan herhangi bir son dakika haberi,news_query,news_query,news_query,True
5948,listemden güzel bir şarkı çal,play_music,play_music,play_music,True
5952,şimdi benim için iyi bir fıkra söyle,general_joke,general_joke,general_joke,True
5953,yaşamak için şehir daha mı ucuz daha mı pahalı,weather_query,general_quirky,general_quirky,False
5955,şehir kanun ve düzen açısından ne kadar güvenli,weather_query,qa_factoid,qa_factoid,False
5958,lütfen konuşmayı kes,audio_volume_mute,audio_volume_mute,audio_volume_mute,True
5966,lütfen bana biraz yiyecek sipariş et,takeaway_order,lists_createoradd,lists_createoradd,False
5970,benim için bohemian raphsody çalmanı istiyorum,play_music,play_music,play_music,True
5974,öğlen tabletleri almak için alarm kurdum mu,alarm_query,alarm_query,alarm_query,True
5985,bm'den en son haberleri göster,news_query,news_query,news_query,True
5988,ışıkları daha düşük ayarlara ayarla lütfen,iot_hue_lightdim,iot_hue_lightdim,iot_hue_lightdim,True
5996,bu öğleden sonra kar botlarıma ihtiyacım olacak mı,weather_query,weather_query,weather_query,True
5997,ulusal zaman diliminde saat kaç,datetime_query,datetime_query,datetime_query,True
6013,bu radyodaki kim,music_query,play_radio,play_radio,False
6014,bu hangi şarkıcı,music_query,music_query,music_query,True
6015,ışıkların parlaklığını azalt,iot_hue_lightdim,iot_hue_lightdim,iot_hue_lightdim,True
6023,aşırı nemli bir gece mi olacak,weather_query,weather_query,weather_query,True
6024,bugün işe mont veya hırka götürmem gerekir mi,weather_query,weather_query,weather_query,True
6025,bu öğleden sonra güneş kremine ihtiyacım olacak mı,weather_query,weather_query,weather_query,True
6027,favori şarkıları aç,play_music,play_music,play_music,True
6034,kahve,iot_coffee,iot_coffee,iot_coffee,True
6039,yarın yağmurlu bir gün mü olacak,weather_query,weather_query,weather_query,True
6041,hey olly lütfen ışığı kapat,iot_hue_lightoff,iot_hue_lightoff,iot_hue_lightoff,True
6045,seçilmiş bir şarkı ekle,play_music,music_likeness,music_likeness,False
6050,daha sonra güneş kremine ihtiyacım olacak mı,weather_query,weather_query,weather_query,True
6055,garajdaki ışığı açık mı bıraktım,iot_hue_lightoff,iot_hue_lightquery,iot_hue_lightquery,False
6059,rap müzik çal,play_music,play_music,play_music,True
6060,lütfen kahve cezvesini çalıştır,iot_coffee,iot_coffee,iot_coffee,True
6061,kahve yap,iot_coffee,iot_coffee,iot_coffee,True
6064,bir saat boyunca konuşma,audio_volume_mute,audio_volume_mute,audio_volume_mute,True
6069,bugün fırtına bekleniyor mu,weather_query,weather_query,weather_query,True
6072,çiya'dan yemeğimi almak için kaç dakika daha beklemem gerekiyor,takeaway_query,takeaway_query,takeaway_query,True
6073,sundurma ışıklarını kapat,iot_hue_lightoff,iot_hue_lightoff,iot_hue_lightoff,True
6074,akşam dokuz buçukta yatak odası ışıklarını kapat,iot_hue_lightoff,iot_hue_lightoff,iot_hue_lightoff,True
6077,bugünün en son dünya haberlerini duymakistiyorum,news_query,news_query,news_query,True
6083,bugün sabah on için bir alarm oluştur,alarm_set,alarm_set,alarm_set,True
6093,arabanın üstünü açmalı mıyım,weather_query,weather_query,weather_query,True
6101,şu anda hiç ayarlanmış alarm var mı,alarm_query,alarm_query,alarm_query,True
6103,bugün los angeles california'da hava nasıl olacak,weather_query,weather_query,weather_query,True
6109,şarkı ile ilgili bilgi topla,music_likeness,music_query,music_query,False
6112,tavuk dünyası dan patates kızartması ve kanat söyle,takeaway_order,cooking_recipe,cooking_recipe,False
6116,bu haftaki hava durumu hakkında bilgi,weather_query,weather_query,weather_query,True
6118,hey taksim istanbul da saat kaç,datetime_query,datetime_query,datetime_query,True
6127,şemsiye tavsiye eder misin,weather_query,weather_query,weather_query,True
6129,beni dünya haberlerinden haberdar et,news_query,news_query,news_query,True
6134,bu şarkının hangi şarkı olduğunu bul ve bana adını söyle,music_query,music_query,music_query,True
6147,komik fıkralar bul,general_joke,general_joke,general_joke,True
6151,bugünün havasını bilmek istiyorum,weather_query,weather_query,weather_query,True
6159,yerleri temizler,iot_cleaning,iot_cleaning,iot_cleaning,True
6162,alarmı kaldır,alarm_remove,alarm_remove,alarm_remove,True
6166,lütfen beş dakika sessize al,audio_volume_mute,audio_volume_mute,audio_volume_mute,True
6172,güneş gözlükleri bugün için iyi bir seçim mi,weather_query,weather_query,weather_query,True
6174,burayı daha parlak yap,iot_hue_lightup,iot_hue_lightup,iot_hue_lightup,True
6177,bugün şemsiyeye ihtiyacım olacak mı,weather_query,weather_query,weather_query,True
6178,bir ceket giymeli miyim,weather_query,weather_query,weather_query,True
6181,hey olly seni özledim,general_quirky,general_quirky,general_quirky,True
6194,bugün hava nasıl,weather_query,weather_query,weather_query,True
6195,aklından ne geçiyor,general_quirky,news_query,news_query,False
6201,günüm çalışarak geçti olly,general_quirky,general_quirky,general_quirky,True
6213,hey bana bugünkü toplantılarımdan daha fazla bahset,general_quirky,calendar_query,calendar_query,False
6214,arkadaşımın doğum günü ne zaman olacak,general_quirky,calendar_query,calendar_query,False
6220,lütfen bu soruya ne yazdığını gör,general_quirky,general_quirky,general_quirky,True
6221,bu soruyu nasıl cevaplayabileceğimi bilmiyorum bir kaç kelime eksik bırakmışsın,general_quirky,general_quirky,general_quirky,True
6227,bugün işe gideceğim,general_quirky,calendar_set,calendar_set,False
6229,berbat bir gün geçirdim,general_quirky,general_quirky,general_quirky,True
6241,bugün bir fakire yardım ettim olly,general_quirky,general_quirky,general_quirky,True
6243,bugün çok mutluyum konser için bilet aldım,general_quirky,general_quirky,general_quirky,True
6248,kaç yaşındasın,general_quirky,general_quirky,general_quirky,True
6267,adın ne,general_quirky,general_quirky,general_quirky,True
6268,eğer üç kişiyi kurtarmak için birilerini öldürmen gerekseydi bunu yapar mıydın ve öyleyse nasıl,general_quirky,general_quirky,general_quirky,True
6282,biraz muhabbet edelim,general_quirky,general_quirky,general_quirky,True
6288,kalkar kalkmaz yemek yedim,general_quirky,general_quirky,general_quirky,True
6289,hey bugün hava nasıl,weather_query,weather_query,weather_query,True
6290,ne okumamı tavsiye edersin,general_quirky,general_quirky,general_quirky,True
6293,hey olly bugün eski bir sınıf arkadaşıma rastladım,general_quirky,general_quirky,general_quirky,True
6294,olly arabamı daha yeni temizledim,general_quirky,iot_cleaning,iot_cleaning,False
6295,trafik sıkışıklığının bu kadar uzun sürmesinden nefret ediyorum,general_quirky,transport_traffic,transport_traffic,False
6301,mumbar ne demek,general_quirky,qa_definition,qa_definition,False
6304,bugün nasıl hissediyorsun,general_quirky,general_quirky,general_quirky,True
6305,bugün ne yapmak istiyorsun,general_quirky,general_quirky,general_quirky,True
6313,bugün buldog gördüm,general_quirky,general_quirky,general_quirky,True
6319,sence bugün tiyatro ya gideyim mi,general_quirky,weather_query,weather_query,False
6322,lütfen bana maçın skorunu söyle,general_quirky,news_query,news_query,False
6325,günüm inanılmaz zordu,general_quirky,general_quirky,general_quirky,True
6331,sezon öncesi beyzbol biletleri aldım,general_quirky,general_quirky,general_quirky,True
6337,olly sana günümü anlatmak zorundayım,general_quirky,general_quirky,general_quirky,True
6352,dükkana gittim,general_quirky,general_quirky,general_quirky,True
6353,benzin almam lazım,general_quirky,lists_createoradd,lists_createoradd,False
6366,bana amerikada ziyaret edilecek en iyi turistik yerlerden bazılarını söyle,recommendation_locations,recommendation_locations,recommendation_locations,True
6370,önümüzdeki haftam nasıl görünüyor,calendar_query,calendar_query,calendar_query,True
6371,veganizm,general_quirky,general_quirky,general_quirky,True
6372,bitkilerle ilgili haberler,news_query,news_query,news_query,True
6376,iki bin on altıdan güzel bir iran filmi nedir,recommendation_movies,recommendation_movies,recommendation_movies,True
6378,bendeki veriler ve bilgilerle ne yapılabilir,general_quirky,general_quirky,general_quirky,True
6382,hey son zamanlarda sporda hangi ilginç şeyler oldu,general_quirky,general_quirky,general_quirky,True
6385,gelecekte hangi özellikleri yayınlamayı planlıyorsun,general_quirky,general_quirky,general_quirky,True
6388,günüm harika geçti,general_quirky,general_quirky,general_quirky,True
6402,bana bir kaç sağlık ipucu ver,general_quirky,general_quirky,general_quirky,True
6403,bir yere nasıl gidilir,transport_query,transport_query,transport_query,True
6405,köpekler ne ses çıkarır,general_quirky,general_quirky,general_quirky,True
6410,bugün fransa da neler oluyor,news_query,news_query,news_query,True
6411,önümüzdeki çarşamba hava nasıl,weather_query,weather_query,weather_query,True
6417,günüm iyi gidiyor bir not ekle,general_quirky,calendar_set,calendar_set,False
6424,selam günün nasıl geçiyor,general_quirky,general_quirky,general_quirky,True
6426,teknoloji,general_quirky,news_query,news_query,False
6431,bugün ali ile bir toplantı yaptım,general_quirky,general_quirky,general_quirky,True
6432,bugün olanlar şu şekilde caner ile bir toplantı ayarladım,general_quirky,calendar_set,calendar_set,False
6433,lütfen bil ki bugün cemil ile bir toplantım randevum,general_quirky,calendar_query,calendar_query,False
6434,bana biraz kendinden bahsedebilir misin,general_quirky,general_quirky,general_quirky,True
6438,bugün her yerde telefonumu aradım ama bulamadım,general_quirky,general_quirky,general_quirky,True
6439,yenilerde hiç güzel bir müzik dinledin mi,general_quirky,general_quirky,general_quirky,True
6446,sadece kediler için kuaför var mı,general_quirky,general_quirky,general_quirky,True
6448,kılıçdaroğlu,general_quirky,qa_factoid,qa_factoid,False
6457,zeki misin,general_quirky,general_joke,general_joke,False
6469,aklındaki herhangi bir şey,general_quirky,recommendation_events,recommendation_events,False
6473,bugün hava kötüydü,general_quirky,weather_query,weather_query,False
6477,beyzbol skorları,general_quirky,news_query,news_query,False
6485,bugün ne seviyorum,general_quirky,general_quirky,general_quirky,True
6489,web aramaları,general_quirky,general_quirky,general_quirky,True
6495,lütfen tavsiyede bulun,general_quirky,general_quirky,general_quirky,True
6496,yeni gereçler,general_quirky,lists_createoradd,lists_createoradd,False
6500,sosyal medya,social_query,social_query,social_query,True
6503,beni köpek kovaladı,general_quirky,general_quirky,general_quirky,True
6506,genel bilgi soruları sor,general_quirky,general_quirky,general_quirky,True
6515,bugün gününüz nasıl geçti,general_quirky,general_quirky,general_quirky,True
6516,yoğun bir gün müydü,general_quirky,general_quirky,general_quirky,True
6517,tarih,general_quirky,datetime_query,datetime_query,False
6533,mutlu musun,general_quirky,general_quirky,general_quirky,True
6539,bugünü diyetimin başlangıcı olarak işaretle,calendar_set,calendar_set,calendar_set,True
6542,yumuşak peynir sert peynirden daha mı iyi,cooking_recipe,cooking_recipe,cooking_recipe,True
6550,bugün terfi aldım çok iyi hissettiriyor,general_quirky,music_likeness,music_likeness,False
6557,videolar oynat,general_quirky,play_audiobook,play_audiobook,False
6559,hey olly kız arkadaşımı seviyor musun,general_quirky,general_quirky,general_quirky,True
6561,online bilgi araştırmak,general_quirky,qa_factoid,qa_factoid,False
6562,matematik,general_quirky,qa_maths,qa_maths,False
6568,sen bilinçli olursan bana ne olur,general_quirky,general_quirky,general_quirky,True
6572,erkek arkadaşın var mı,general_quirky,general_quirky,general_quirky,True
6575,bitkiler,general_quirky,general_quirky,general_quirky,True
6578,aşk,general_quirky,general_quirky,general_quirky,True
6582,selam sana,general_quirky,general_greet,general_greet,False
6593,bir dedikodu başlat,general_quirky,general_quirky,general_quirky,True
6594,bugün gittiğim yer,general_quirky,general_quirky,general_quirky,True
6596,bu yerden döndüğümde,general_quirky,play_audiobook,play_audiobook,False
6600,sağlık,general_quirky,general_quirky,general_quirky,True
6615,ebeveynlik,general_quirky,general_quirky,general_quirky,True
6616,yaşınız nedir,general_quirky,general_quirky,general_quirky,True
6617,gelecek hakkında ne düşünüyorsun,general_quirky,general_quirky,general_quirky,True
6618,ilginç haberler ver,news_query,news_query,news_query,True
6621,sinemada en son çıkan filmler,general_quirky,recommendation_movies,recommendation_movies,False
6623,senin geliştiricilerin kimler,general_quirky,general_quirky,general_quirky,True
6633,video oyunları,play_game,play_game,play_game,True
6643,bölgemdeki dijital pazarlamada en iyi ücretli işler,general_quirky,recommendation_locations,recommendation_locations,False
6645,n. s. a. için mi çalışıyorsun,general_quirky,general_quirky,general_quirky,True
6646,bugün google da en üst seviye araştırmalar hangileri,general_quirky,news_query,news_query,False
6650,alexa beni ne kadar tanıyorsun,general_quirky,general_quirky,general_quirky,True
6652,diyete bağlı kalmak,general_quirky,general_quirky,general_quirky,True
6663,tatil yerleri,general_quirky,general_quirky,general_quirky,True
6670,güzel ücretsiz örgü modelleri biliyor musun,general_quirky,general_quirky,general_quirky,True
6672,hadi pohpohla beni,general_quirky,general_quirky,general_quirky,True
6682,seçimler yaklaşıyor,news_query,news_query,news_query,True
6683,ekonomik işler,news_query,general_quirky,general_quirky,False
6694,bugün berbat bir gün geçiriyorum eğlenmek için ne seyredebilirim,general_quirky,general_quirky,general_quirky,True
6701,genel sağlık ipuçları,general_quirky,general_quirky,general_quirky,True
6708,arkadaş güncellemeleri,general_quirky,news_query,news_query,False
6710,sen gerçek misin,general_quirky,general_quirky,general_quirky,True
6713,çarşamba günü iş toplantısını iptal et,calendar_remove,calendar_remove,calendar_remove,True
6720,seneye istanbul da gerçekleşecek olan istanbul komedi festivali ile ilgili neler biliyorsun,general_quirky,calendar_query,calendar_query,False
6722,hatırlamam gereken bir şey var mı,calendar_query,calendar_query,calendar_query,True
6725,öğleden sonraki programımı hatırlat,calendar_set,calendar_set,calendar_set,True
6726,sonraki toplantıyı iptal et,calendar_remove,calendar_remove,calendar_remove,True
6729,tiffany's house'da ki kahvaltıyı iptal et,calendar_remove,calendar_remove,calendar_remove,True
6732,kayınbabam ve kayınvalidemle pazar günü için buluşma hatırlatıcısı ekle,calendar_set,calendar_set,calendar_set,True
6737,olly yarın izinliyim,general_quirky,calendar_query,calendar_query,False
6744,yarın sabah on için mehmet ile bir toplantı koy,calendar_set,calendar_set,calendar_set,True
6746,takvimimde haziranın ilk haftasını tatil olarak ayarla,calendar_set,calendar_set,calendar_set,True
6747,kaç tane hatırlatmam var,calendar_query,calendar_query,calendar_query,True
6755,lütfen takvimimi temizle,calendar_remove,calendar_remove,calendar_remove,True
6761,takvimimden sabah dokuzdaki toplantıyı kaldır,calendar_remove,calendar_remove,calendar_remove,True
6764,bana camları yıkamam gerektiğini hatırlat,calendar_set,calendar_set,calendar_set,True
6774,cuma günü için bir etkinlik ayarla,calendar_set,calendar_set,calendar_set,True
6785,bir sonraki anımsatıcım ne,calendar_query,calendar_query,calendar_query,True
6789,joanna ile cumartesi günü öğleden sonra dörde görüşme ayarla,calendar_set,calendar_set,calendar_set,True
6798,sonraki etkinliğimi kaldır,calendar_remove,calendar_remove,calendar_remove,True
6801,bana bu cuma toplantılarımı göster,calendar_query,calendar_query,calendar_query,True
6806,bana bu cuma öğleden sonra ki takvim etkinliğimi göster,calendar_query,calendar_query,calendar_query,True
6815,bana annemin doğum gününü bir hafta önce hatırlat,calendar_set,calendar_set,calendar_set,True
6819,olly bu gece dokuzda jazz barda çok güzel bir müzik grubu çalıyor gitmek istiyorum,calendar_set,calendar_set,calendar_set,True
6836,bana yarın altıdaki toplantımı hatırlat,calendar_set,calendar_set,calendar_set,True
6850,bugünkü programımı listele,calendar_query,calendar_query,calendar_query,True
6856,yarın sabah ondaki toplantı için bana bir hatırlatma bildirimi ver,calendar_set,calendar_set,calendar_set,True
6860,yaklaşan etkinlikler var mı,calendar_query,recommendation_events,recommendation_events,False
6865,yarınki toplantı için saat onda bir bildirim ayarla,calendar_set,calendar_set,calendar_set,True
6878,cuma öğleden sonra iki buçukta muhasebe departmanıyla bir toplantı planla,calendar_set,calendar_set,calendar_set,True
6891,sabah programlarının müsaitliği var mı,calendar_query,calendar_query,calendar_query,True
6892,bana film programını verebilir misin,calendar_query,recommendation_movies,recommendation_movies,False
6897,bana ayın yedisinde akşam saat beşte leyla 'yı almamı hatırlat,calendar_set,calendar_set,calendar_set,True
6901,bana yarın sabah onda toplantıyı hatırlat,calendar_set,calendar_set,calendar_set,True
6902,gelecek ay yağ değişimim için bir hatırlatıcı ayarla,calendar_set,calendar_set,calendar_set,True
6909,öğleden sonra birden sonra ve üçten önce neler oluyor,calendar_query,calendar_query,calendar_query,True
6918,etkinlikleri takvimden sil,calendar_remove,calendar_remove,calendar_remove,True
6923,hatırlatıcıyı salı sabahı dokümanların çıktısını alacak şekilde ayarla,calendar_set,calendar_set,calendar_set,True
6926,cuma mı,calendar_query,datetime_query,datetime_query,False
6928,tüm etkinlikler iptal,calendar_remove,calendar_remove,calendar_remove,True
6936,bana ilacımı sabah dokuzda almamı hatırlat,calendar_set,calendar_set,calendar_set,True
6937,öğlen için patronla öğle yemeği anımsatıcısı kur,calendar_set,calendar_set,calendar_set,True
6946,çarşamba için oluşturulmuş bir toplantı var mı,calendar_query,calendar_query,calendar_query,True
6958,takvimimde hiç etkinlik kalmadığından emin ol,calendar_remove,calendar_query,calendar_query,False
6959,toplantımı başlamadan bir saat önce bana hatırlat,calendar_set,calendar_set,calendar_set,True
6962,önümüzdeki cumartesi akşam altıda ne yapmam gerektiğini öğrenebilir miyim,calendar_set,calendar_query,calendar_query,False
6964,patronumla bir sonraki toplantımı gerçekleşmeden bir saat önce hatırlatabilir misin,calendar_set,calendar_set,calendar_set,True
6967,bu konudaki gerçekleri kontrol edebilir misin,calendar_query,general_quirky,general_quirky,False
6968,bugün için tüm toplantıların davetlilerden confirme almam lazım,calendar_query,calendar_set,calendar_set,False
6973,yarın bursa'daki konferans için bir hatırlatıcı ekle,calendar_set,calendar_set,calendar_set,True
6974,yarın ankara'da bir toplantım olduğunu hatırlat,calendar_set,calendar_set,calendar_set,True
6980,bana yapılacaklar listesini ver,calendar_query,lists_query,lists_query,False
6992,gelecekteki etkinlikleri göster,calendar_query,calendar_query,calendar_query,True
6994,bana hatırlat,calendar_set,calendar_set,calendar_set,True
6997,sonraki etkinliği kaldır,calendar_remove,calendar_remove,calendar_remove,True
7000,yeni etkinlik,calendar_set,calendar_set,calendar_set,True
7004,takvime her sene bu tarihte bir hatırlatma ekle,calendar_set,calendar_set,calendar_set,True
7013,etkinlik ne zaman başlıyor,calendar_query,calendar_query,calendar_query,True
7014,bana bugünkü etkinliklerin programını ver,calendar_query,calendar_query,calendar_query,True
7025,yeni yılı takvimden kaldır,calendar_remove,calendar_remove,calendar_remove,True
7026,bu hafta ilçemde hangi etkinlikler oluyor,recommendation_events,recommendation_events,recommendation_events,True
7039,bana gelecek salı sabah on birde semra ile bir toplantı ayarla,calendar_set,calendar_set,calendar_set,True
7044,öğleden sonra beş te hazırlanmaya başlamamı anımsat lütfen,calendar_set,calendar_set,calendar_set,True
7046,ayın yirmi birinde saat yedi de veli toplantısı ekle,calendar_set,calendar_set,calendar_set,True
7055,perşembe günü sabah onbirde mehmet ile bir toplantı programla,calendar_set,calendar_set,calendar_set,True
7057,çarşamba öğle burak ile bir öğle yemeği buluşması programla,calendar_set,calendar_set,calendar_set,True
7061,emine ile cuma toplantımdan yirmi dört saat önce bana bir hatırlatma ver,calendar_set,calendar_set,calendar_set,True
7073,benim bir sonraki etkinliğim için takvimimi araştır ve öncesinde beni bilgilendir,calendar_set,calendar_set,calendar_set,True
7080,takvimimdeki her şeyi iptal et,calendar_remove,calendar_remove,calendar_remove,True
7087,benim yarınki toplantımı takvimimden sil,calendar_remove,calendar_remove,calendar_remove,True
7098,benim on ikisindeki araba ödememi takvimime ekle,calendar_set,calendar_set,calendar_set,True
7100,bana bir gün önce arabamın son günü olduğunu hatırlat,calendar_set,calendar_set,calendar_set,True
7111,otuz bir mart taki doktor randevusu saat kaçta,calendar_query,calendar_query,calendar_query,True
7113,bu hafta sonu şehir merkezinde herhangi bir etkinlik var mı,calendar_query,recommendation_events,recommendation_events,False
7117,on dokuzundaki etkinlikler i benim takvimimden kaldır,calendar_remove,calendar_remove,calendar_remove,True
7120,bugün benim programım nasıl,calendar_query,calendar_query,calendar_query,True
7122,bu etkinliği tekrarlar mısın,calendar_set,calendar_set,calendar_set,True
7140,öğle yemeği buluşmasından bir saat önce beni bilgilendirmek için bir hatırlatıcı ayarla,calendar_set,calendar_set,calendar_set,True
7141,bu program planlanmış mı,calendar_query,calendar_query,calendar_query,True
7151,her tek sayılı pazar günü için hatırlatma kur,calendar_set,calendar_set,calendar_set,True
7152,her gün öğle yemeğini on iki buçuğa ayarla,calendar_set,calendar_set,calendar_set,True
7161,ileride bu etkinliği hatırlat,calendar_set,calendar_set,calendar_set,True
7168,bana yirmi altı martta yaklaşan yıllık etkinliğin ayrıntılarını verebilir misin,general_quirky,calendar_query,calendar_query,False
7170,bugün annemin doğum günü bana her yıl bu tarihte bir bildirim gönder,calendar_set,calendar_set,calendar_set,True
7181,beni perşembe sabahı altıda uyandır ki toplantı için zamanım olsun,calendar_set,alarm_set,alarm_set,False
7185,doktor ahmet ile bir sonraki randevum ne zaman,calendar_query,calendar_query,calendar_query,True
7189,planladığım herhangi bir şey var mı,calendar_query,calendar_query,calendar_query,True
7194,yarın toplantım var kur bunu,calendar_set,calendar_set,calendar_set,True
7196,bana on beş martta alper ile yapacağım toplantıyı hatırlat,calendar_set,calendar_set,calendar_set,True
7199,gelecek haftanın ingilizce finalinden önce üç iki ve bir saat için bir bildiri ayarla,calendar_set,calendar_set,calendar_set,True
7209,salı günü çöpü çıkarmamı hatırlatabilir misin,calendar_set,calendar_set,calendar_set,True
7216,iyi bir ilk izlenim,general_quirky,general_quirky,general_quirky,True
7219,yarın için toplantı ile ilgili bir hatırlatma koydun mu,calendar_query,calendar_query,calendar_query,True
7224,tomun evliliğinin gerçekleşeceği mekan nerede,calendar_query,qa_factoid,qa_factoid,False
7232,gelecek haftaki etkinlikler neler,calendar_query,calendar_query,calendar_query,True
7257,lütfen bana yarım saat içinde annemi aramayı hatırlat,calendar_set,calendar_set,calendar_set,True
7258,bana bir saat sonra patrona e-posta göndermeyi hatırlat,calendar_set,calendar_set,calendar_set,True
7262,yarınki toplantı için bir bildirim hatırlatıcısı oluştur,calendar_set,calendar_set,calendar_set,True
7266,bekleyen işlerim neler,calendar_query,lists_query,lists_query,False
7278,bana rümeysanın doğum gününü yirmi dört saat önceden hatırlat,calendar_set,calendar_set,calendar_set,True
7287,bana yıldönümümü bir gün önceden hatırlat,calendar_set,calendar_set,calendar_set,True
7289,cem ile tüm etkinlikler i kaldır,calendar_remove,calendar_remove,calendar_remove,True
7291,yarın sabah ondan bir saat sonrasını engelle,calendar_set,calendar_set,calendar_set,True
7292,yarın akşam dörtten altıya kadar müsait değilim takvimimi işaretle,calendar_set,calendar_set,calendar_set,True
7293,cumartesiye bir saatlik bir randevu ayarla,calendar_set,calendar_set,calendar_set,True
7294,takvimimden ali kaya ile olan randevuyu kaldır,calendar_remove,calendar_remove,calendar_remove,True
7295,lütfen takvimimi temizle,calendar_remove,calendar_remove,calendar_remove,True
7314,bugün için ne var,calendar_query,calendar_query,calendar_query,True
7316,hiç randevum var mı,calendar_query,calendar_query,calendar_query,True
7319,bugün öğleden sonra ikiden dörde kadar neler oluyor,calendar_query,calendar_query,calendar_query,True
7353,sadece önümüzdeki haftalarda adana'nın hava durumunu bana bildir,email_query,weather_query,weather_query,False
7355,bana saat altıda yemeği kontrol etmem gerektiğini hatırlat,calendar_set,calendar_set,calendar_set,True
7380,lütfen bugün müşterilerle olan toplantıyı göster,calendar_query,calendar_query,calendar_query,True
7397,önümüzdeki üç ay için planlanmış bir etkinlik var mı,calendar_query,calendar_query,calendar_query,True
7449,lütfen bu kişiyle bir toplantı planla,calendar_set,calendar_set,calendar_set,True
7450,bu kişiyle program yapmak için bir toplantıya ihtiyacım var,calendar_set,calendar_set,calendar_set,True
7455,bana yarınki partiyi hatırlat,calendar_set,calendar_set,calendar_set,True
7461,insanları takvim etkinliğine davet et,calendar_set,calendar_set,calendar_set,True
7463,grubuma yeni toplantı tarihinin yarın olduğunu bildir,calendar_set,calendar_set,calendar_set,True
7467,etkinliklerin saatlerini ver,calendar_query,calendar_query,calendar_query,True
7477,bana her yılın beş martında evlilik yıldönümü hediyeleri hazırlamamı hatırlat,calendar_set,calendar_set,calendar_set,True
7496,bugün randevum var mı,calendar_query,calendar_query,calendar_query,True
7499,yarınki toplantı için yeni program yap,calendar_set,calendar_set,calendar_set,True
7500,gelecek etkinliği silebilir misin,calendar_remove,calendar_remove,calendar_remove,True
7502,öğleden sonra dörtte ali ile yapacağım toplantıya dair ajandada ne var,calendar_query,calendar_query,calendar_query,True
7503,cuma günü öğleden sonra birde ki o toplantı ankarada nerede,calendar_query,calendar_query,calendar_query,True
7520,her gün öğleden sonra ikide bana öğle yemeğini hatırlat,calendar_set,calendar_set,calendar_set,True
7524,bugün saat akşam beşyirmide yapılan toplantıda osman şirketime ne kadar yatırım yapmak ister,calendar_query,general_quirky,general_quirky,False
7528,haziranın on üçü seçim sonuçları günü lütfen bunu ayarla,calendar_set,calendar_set,calendar_set,True
7531,lütfen maaş günlerini ekle,calendar_set,calendar_set,calendar_set,True
7539,şu anda devam etmekte olan bir şeyim var mı,calendar_query,calendar_query,calendar_query,True
7542,lütfen yarın bunu bana hatırlat,calendar_set,calendar_set,calendar_set,True
7549,saat üçe kadar toplantı istiyorum,calendar_set,calendar_set,calendar_set,True
7556,takvimimi bana her cuma alışveriş yapmamı hatırlatacak şekilde ayarla,calendar_set,calendar_set,calendar_set,True
7557,takvimde bir yerleşim anımsatıcısı yap,calendar_set,calendar_set,calendar_set,True
7559,bana bu akşam sekizde kuru temizlemeden kıyafetlerimi almayı hatırlat,calendar_set,calendar_set,calendar_set,True
7563,yarınki toplantımı bana bir saat önceden hatırlat,calendar_set,calendar_set,calendar_set,True
7565,toplantı hatırlatma,calendar_set,calendar_set,calendar_set,True
7567,doğum günü,calendar_set,calendar_query,calendar_query,False
7569,yarını planla,calendar_query,calendar_set,calendar_set,False
7570,bugün plan nedir,calendar_query,calendar_query,calendar_query,True
7583,takvimindeki tanışma toplantısı,calendar_set,calendar_set,calendar_set,True
7596,lütfen öğleyin pastahanede emre ile bir buluşma programla,calendar_set,calendar_set,calendar_set,True
7598,sonraki müsait olan toplantı gününe aliyle terörizmi tartışma toplantısı ayarla lütfen,calendar_set,calendar_set,calendar_set,True
7606,can ile yarın üçte buluş,calendar_set,calendar_set,calendar_set,True
7609,salı günündeki toplantı hatırlatmasını kaldır,calendar_remove,calendar_remove,calendar_remove,True
7613,yaklaşmakta olan etkinlik neydi,calendar_query,calendar_query,calendar_query,True
7628,kütüphanedeyken bana yeni bir kütüphane kartı almam gerektiğini hatırlat,calendar_set,calendar_set,calendar_set,True
7654,yirmi nisanı erkek kardeşimin doğum günü olarak işaretle,calendar_set,calendar_set,calendar_set,True
7655,hatırlatmaya nisanın yirmisini abimin doğum günü olarak ekle,calendar_set,calendar_set,calendar_set,True
7660,bugün öğleden sonra üçten itibaren olan tüm randevularımı iptal et ve beni detaylı bilgilendir,calendar_remove,calendar_remove,calendar_remove,True
7662,bugünkü toplantılarımı listeler misin,calendar_query,calendar_query,calendar_query,True
7664,mike ile bir öğle yemeği ekle,calendar_set,calendar_set,calendar_set,True
7666,onur ile yarın üçte toplantım olduğunu işaretler misin,calendar_set,calendar_set,calendar_set,True
7680,takvimimde bu ayın tüm golf ekinliklerini sil,calendar_remove,calendar_remove,calendar_remove,True
7686,murat ve engin'i festival takvimine ekle,calendar_set,calendar_set,calendar_set,True
7690,neyim var,calendar_query,calendar_query,calendar_query,True
7693,ayın yirmi birine herhangi bir şey planladım mı,calendar_query,calendar_query,calendar_query,True
7697,bunun için bir hatırlatıcı kur,calendar_set,calendar_set,calendar_set,True
7711,hey benim diğer tüm toplantılarımı iptal et ve iki mart çağrılarını birkanın doğum günü olduğu için takviminde bir etkinlik olarak etiketle,calendar_set,calendar_set,calendar_set,True
7712,hey olly iki mart için benim tüm randevularımı ve aramaları iptal et çünkü o gün jim'in doğum günü bu etkinliği takvime kaydet,calendar_set,calendar_set,calendar_set,True
7718,hey bu cuma günü toplantı için semih beye davet gönder ve cuma günü öğleden sonrası için takvimimi engelle,calendar_set,calendar_set,calendar_set,True
7726,her pazartesi bir şey yapmam lazım bir hatırlatma kur,calendar_set,calendar_set,calendar_set,True
7730,gelecek pazartesiyi işaretlemene ihtiyacım var,calendar_set,calendar_set,calendar_set,True
7741,cumartesi için benim takvimimi kaldır,calendar_remove,calendar_remove,calendar_remove,True
7751,her pazartesi çöpleri çıkarmayı hatırlat,calendar_set,calendar_set,calendar_set,True
7762,hangi hatırlatıcılarım var,calendar_query,calendar_query,calendar_query,True
7767,kuğulu parkta dört şubata öğleden sonra ikiye takvime bir alıştırma ekle,calendar_set,calendar_set,calendar_set,True
7768,lütfen dört şubatta öğleden sonra ikide merkez parkta antrenman ekle,calendar_set,calendar_set,calendar_set,True
7774,takvimime yarın için alışveriş ekle,calendar_set,calendar_set,calendar_set,True
7777,bugün randevum var mı,calendar_query,calendar_query,calendar_query,True
7778,bana pazar öğleden sonra ne yapacağımı hatırlat,calendar_set,calendar_set,calendar_set,True
7808,bana perşembe sabah on birde annemi kuaföre götürmem gerektiğini hatırlat,calendar_set,calendar_set,calendar_set,True
7817,bu tarihle ilgili olan doğru mu,calendar_query,calendar_query,calendar_query,True
7820,takvimdeki tüm etkinlikleri sil,calendar_remove,calendar_remove,calendar_remove,True
7836,tüm etkinlikleri sil,calendar_remove,calendar_remove,calendar_remove,True
7843,bana iki saat önceden adana müzik merkezindeki keman dersi için öğleden sonra dörtte çıkmam gerektiğini bildir,calendar_set,calendar_set,calendar_set,True
7844,hangi hatırlatıcıları ayarladım,calendar_query,calendar_query,calendar_query,True
7847,kayıtlar açıldığında beni uyar,calendar_set,calendar_set,calendar_set,True
7851,bugün öğlen bir toplantım var,calendar_set,calendar_set,calendar_set,True
7863,bana bu öğleden sonra beşte akşam yemeğine başlamam gerektiğini hatırlat,calendar_set,calendar_set,calendar_set,True
7870,etkinliği takvimden sil,calendar_remove,calendar_remove,calendar_remove,True
7876,son iki aydır neler oluyor,news_query,calendar_query,calendar_query,False
7878,benim takvimimi sil,calendar_remove,calendar_remove,calendar_remove,True
7879,gelecek üç etkinliğim neler,calendar_query,calendar_query,calendar_query,True
7889,bu akşam futbol maçı ne zaman olacak,calendar_query,calendar_query,calendar_query,True
7890,bugünkü saç kesimini temizle,calendar_remove,calendar_remove,calendar_remove,True
7891,bu geceki akşam yemeğini iptal et,calendar_remove,calendar_remove,calendar_remove,True
7892,bugünkü bir sonraki etkinliği dil,calendar_remove,calendar_query,calendar_query,False
7894,bana bir saat içinde seçimle ilgili bilgi ver,calendar_set,calendar_query,calendar_query,False
7902,yarın öğleden sonra iki de şahsımla ali arasında bir toplantı kur,calendar_set,calendar_set,calendar_set,True
7908,bugün yapmam gereken bir şey var mı,calendar_query,calendar_query,calendar_query,True
7912,alexa murat ile akşam yemeğini takvimimden kaldır,calendar_remove,calendar_remove,calendar_remove,True
7916,akşam altı da çöpleri atmamı hatırlat,calendar_set,calendar_set,calendar_set,True
7918,takvim etkinliği mahmut özdemiri davet et,calendar_set,calendar_set,calendar_set,True
7919,yeni toplantı için burak ve melis i de katılımcı olarak ekle,calendar_set,calendar_set,calendar_set,True
7922,görevleri aç gelecekteki etkinlikleri sil,calendar_remove,calendar_remove,calendar_remove,True
7927,bu hafta ne yapmam gerekiyor,calendar_query,calendar_query,calendar_query,True
7946,mersin de yaklaşan konserler neler,calendar_query,recommendation_events,recommendation_events,False
7953,benim cumartesi günü doktorum ile olan randevumu kaldır lütfen,calendar_remove,calendar_remove,calendar_remove,True
7955,bu etkinliği benim takvimimdeki tekrarlanan sıraya koy,calendar_set,calendar_set,calendar_set,True
7956,bu etkinliği tekrarlayan olarak çevirir misin,calendar_set,calendar_set,calendar_set,True
7966,bana bir şey hatırlatmanı söyledim mi,calendar_query,calendar_query,calendar_query,True
7970,bana zamanında bir hediye almam için düğünü hatırlat,calendar_set,calendar_set,calendar_set,True
7971,etkinliğin ilk iki günü için bir anımsatıcı kut,calendar_set,calendar_set,calendar_set,True
7975,etkinlikte vale servisi var mı,calendar_query,recommendation_locations,recommendation_locations,False
7978,yarın öğlenden önce için hangi hatırlatıcılar var,calendar_query,calendar_query,calendar_query,True
7980,bana ne zaman bir etkinliğim olduğunu söyle,calendar_set,calendar_query,calendar_query,False
7981,toplantı öncesi bir uyarı gönder,calendar_set,calendar_set,calendar_set,True
7993,tüm etkinlikleri benim takvimimden sil,calendar_remove,calendar_remove,calendar_remove,True
8001,ben cuma için bir saç kesimi programlamıştım onu sil,calendar_remove,calendar_remove,calendar_remove,True
8004,derya benimle boşanma hakkında konuşmak istiyor lütfen ben müsait olur olmaz bir toplantı ayarlar mısın,calendar_set,calendar_set,calendar_set,True
8005,ayın yirmisi pazartesi günü serdar ile hafta sonu gezimiz hakkında konuşmam gerekiyor,calendar_set,calendar_set,calendar_set,True
8013,gelecek ay için benim toplantı mı göster,calendar_query,calendar_query,calendar_query,True
8029,bugün hangi etkinlikler yaklaşıyor,calendar_query,calendar_query,calendar_query,True
8033,paskalya hangi güne denk geliyor,datetime_query,datetime_query,datetime_query,True
8035,arabanın yağını değiştirmemi hatırlat,calendar_set,calendar_set,calendar_set,True
8037,bana herhangi bir zaman herhangi bir şey hatırlat,calendar_set,calendar_set,calendar_set,True
8042,sonraki toplantıma kaç kişi katılıyor,calendar_query,calendar_query,calendar_query,True
8043,bir sonraki randevum saat kaçta,calendar_query,calendar_query,calendar_query,True
8044,bugün benim programım nedir,calendar_query,calendar_query,calendar_query,True
8055,yedi mart randevumu sil,calendar_remove,calendar_remove,calendar_remove,True
8056,benim cuma günü bir randevum var mı,calendar_query,calendar_query,calendar_query,True
8058,bugün satış toplantım var mı,calendar_query,calendar_query,calendar_query,True
8073,çarşamba için saat öğleden önce on birde bir satış toplantısı planla,calendar_set,calendar_set,calendar_set,True
8079,ekmeğin pişmesi için bir saat içerisinde bir hatırlatıcı kur,calendar_set,calendar_set,calendar_set,True
8084,etkinlik programı nedir,calendar_query,calendar_query,calendar_query,True
8085,bu hafta için bir randevu oluşturmak istiyorum,calendar_set,calendar_set,calendar_set,True
8100,yeniden planlamak için randevularımı epostayla gönder,email_sendemail,calendar_set,calendar_set,False
8107,mehmet için bir doğum günü etkinliği ayarla,calendar_set,calendar_set,calendar_set,True
8110,lütfen takvimime denetim ekle,calendar_set,calendar_set,calendar_set,True
8116,bir şubat ve on altı mart aralığındaki süreçte hangi toplantılar yer aldı,calendar_query,calendar_query,calendar_query,True
8119,meleğin doğum günü partisi nerede yapılıyor,calendar_query,calendar_query,calendar_query,True
8125,benim takvimimdeki toplantı etkinliğini oluştur,calendar_set,calendar_set,calendar_set,True
8126,benim takvimimde bir toplantı etkinlik i programla,calendar_set,calendar_set,calendar_set,True
8129,hala hangi hatırlatıcılarım var,calendar_query,calendar_query,calendar_query,True
8140,bekir ile öğle yemeği yiyeceğim için on üçüne bir hatırlatıcı ayarla,calendar_set,calendar_set,calendar_set,True
8148,kendime hiç hatırlatma bıraktım mı,calendar_query,calendar_query,calendar_query,True
8150,doğum günü partisi ile ilgili hatırlatıcım var mı,calendar_query,calendar_query,calendar_query,True
8165,saat on iki buçuk senin on dakika içerisinde bir toplantın var,calendar_query,calendar_set,calendar_set,False
8182,dişçi randevusunu silebilir misin,calendar_remove,calendar_remove,calendar_remove,True
8188,günlerden ne,calendar_query,datetime_query,datetime_query,False
8204,lütfen bana postaneye gitmemi hatırlat,calendar_set,calendar_set,calendar_set,True
8206,kız kardeşime hediye almayı unutmama izin verme,calendar_set,calendar_set,calendar_set,True
8230,salı günü öğle yemeği toplantım ne kadar sürecek,calendar_query,calendar_query,calendar_query,True
8241,yılın geri kalanı için benim herşey imi temizle,calendar_remove,calendar_remove,calendar_remove,True
8245,pazarları saat on birde kilise hizmetlerinden haberdar olmam gerekiyor,calendar_set,calendar_set,calendar_set,True
8248,yarınki yemek tarihini takvime ekle,calendar_set,calendar_set,calendar_set,True
8251,önümüzdeki haftanın öğle yemeğinin takvime konulması lazım,calendar_set,calendar_set,calendar_set,True
8260,lütfen beni sadıkın doğum gününden bir gün önce uyar,calendar_set,calendar_set,calendar_set,True
8261,bir sonraki randevumdan bir saat önce bana bir uyarı gönder,calendar_set,calendar_set,calendar_set,True
8269,salı günü toplantı için otuz dakikalık hatırlatma,calendar_set,calendar_set,calendar_set,True
8276,bir sonraki planlanmış randevumu kaldır lütfen,calendar_remove,calendar_remove,calendar_remove,True
8280,on beş marta hatırlatıcı ayarlamam gerekiyor,calendar_set,calendar_set,calendar_set,True
8284,takvimden doğum gününü kaldır,calendar_remove,calendar_remove,calendar_remove,True
8289,bugün dörtteki fakülte buluşması içi hatırlatıcı kur,calendar_set,calendar_set,calendar_set,True
8290,salı günü gelecek haftanın yöneticiler toplantısı hakkında bir hatırlatıcı aç,calendar_set,calendar_set,calendar_set,True
8294,takvime ekle ve tekrarla,calendar_set,calendar_set,calendar_set,True
8300,on sekiz mart saat beş ile altı arasındaki etkinliği kaydet,calendar_set,calendar_set,calendar_set,True
8302,haftaya pazartesi günkü toplantıyı kaldır,calendar_remove,calendar_remove,calendar_remove,True
8308,dün öğle saatlerinde taksim meydanında ki protesto ne hakkındaydı,news_query,news_query,news_query,True
8320,bu hafta sonu geçit töreni hakkında daha fazla bilgiye ihtiyacım var,general_quirky,calendar_query,calendar_query,False
8322,bu hafta sonu olan fuar hakkında daha fazla bilgi edinmek istiyorum,general_quirky,calendar_query,calendar_query,False
8336,canan ile yapacağım brunch ne zaman,calendar_query,calendar_query,calendar_query,True
8343,bugün çarşamba mı,datetime_query,datetime_query,datetime_query,True
8345,toplantının ne zaman gerçekleşeceğini bana haber ver,calendar_set,calendar_set,calendar_set,True
8347,dört aralıkta programımda ne var,calendar_query,calendar_query,calendar_query,True
8358,bana bunu hatırlat,calendar_set,calendar_set,calendar_set,True
8366,on sekiz martı pearl'ün doğum günü için tekrarlayan bir randevu yap,calendar_set,calendar_set,calendar_set,True
8387,çamaşırlar için akşam sekize hatırlatıcı oluştur,calendar_set,calendar_set,calendar_set,True
8388,akşam sekizde çamaşır yıkamak istiyorum hatırlatma oluştur,calendar_set,calendar_set,calendar_set,True
8390,bana toplantımı hatırlat,calendar_set,calendar_set,calendar_set,True
8394,ilaçlarımı almam için her gün öğlen bir hatırlatıcı ayarla,calendar_set,calendar_set,calendar_set,True
8402,bana etkinliklerimden biraz daha bahset,general_quirky,calendar_query,calendar_query,False
8404,bu etkinlik hakkında daha fazla bilgi edinmek istiyorum,calendar_query,calendar_query,calendar_query,True
8409,yarınki akşam yemeğini sil,calendar_remove,calendar_remove,calendar_remove,True
8410,pazartesi akşam yemeği etkinliğimi kaldır,calendar_remove,calendar_remove,calendar_remove,True
8413,lütfen beni uyar,calendar_set,calendar_set,calendar_set,True
8414,bana cuma beşte dave ile akşam yemeğine çıkacağımı hatırlat,calendar_set,calendar_set,calendar_set,True
8415,salı günü öğleden sonra üç için ali ile ofiste bir toplantı ekle,calendar_set,calendar_set,calendar_set,True
8426,bana dünden bu sabaha kadar olan güncel olaylardan bahset,calendar_query,news_query,news_query,False
8430,tüm randevularımı iptal et,calendar_remove,calendar_remove,calendar_remove,True
8431,tüm planlanmış etkinliklerimden kurtul,calendar_remove,calendar_remove,calendar_remove,True
8436,lütfen mart ayında her çarşamba öğlen on iki için yemekli toplantı ayarla,calendar_set,calendar_set,calendar_set,True
8442,lütfen takvimimi bu etkinlikle birlikte değiştir,calendar_set,calendar_remove,calendar_remove,False
8449,kızlarımın doğum günü için bir hatırlatma ayarla,calendar_set,calendar_set,calendar_set,True
8453,lütfen etkinliği takvimime ekle ve onu tekrar eden bir etkinlik olarak işaretle,calendar_set,calendar_set,calendar_set,True
8460,bana etkinliklerimi göster,calendar_query,calendar_query,calendar_query,True
8461,mayıs ayı için planlarım neler,calendar_query,calendar_query,calendar_query,True
8466,çarşamba sabah dokuzda toplantım var bana hatırlat,calendar_set,calendar_set,calendar_set,True
8469,bugün takvimimde ne var,calendar_query,calendar_query,calendar_query,True
8474,yarın öğleden sonra ikiye canın doğum günü partisini yüz yirmi üçü takvimime ekle,calendar_set,calendar_set,calendar_set,True
8494,bugünkü programım nasıl görünüyor,calendar_query,calendar_query,calendar_query,True
8496,yarın sabahki toplantılarımı söyle,calendar_query,calendar_query,calendar_query,True
8498,tüm bekleyen hatırlatmaları gözden geçirelim,calendar_query,calendar_query,calendar_query,True
8516,takvim öğesini sil,calendar_remove,calendar_remove,calendar_remove,True
8520,takvim uygulamasına etkinlik ekle,calendar_set,calendar_set,calendar_set,True
8525,üçten beşe kadar toplantı hatırlatıcıları,calendar_query,calendar_query,calendar_query,True
8535,bana iki saat içindeki diş randevumu hatırlatır mısın,calendar_set,calendar_set,calendar_set,True
8539,bana hakkındayı hatırlat,calendar_set,calendar_set,calendar_set,True
8541,lütfen bana hatırlat,calendar_set,calendar_set,calendar_set,True
8553,takvimime sabah dokuzda ali ile yapacağım bir toplantı ekle,calendar_set,calendar_set,calendar_set,True
8559,bugün için programlanmış bir şeyim var mı,calendar_query,calendar_query,calendar_query,True
8562,bugün öğleden sonra ikideki toplantımı sil,calendar_remove,calendar_remove,calendar_remove,True
8568,ebru ve ahmet'e salı sabah on birdeki brunch için bir takvim daveti gönderir misin,calendar_set,calendar_set,calendar_set,True
8570,yarın öğleden sonra saat ikide beni meşgul olarak işaretler misin,calendar_set,calendar_set,calendar_set,True
8579,bugünkü toplantılarım için hangi bilgileri bilmeliyim,calendar_query,calendar_query,calendar_query,True
8585,on üçünde bir doğum günü partisi olduğunu hatırlat bana,calendar_set,calendar_set,calendar_set,True
8598,bana mahmutu saat akşam altıda havaalanından almamı hatırlat,calendar_set,calendar_set,calendar_set,True
8618,bana her salı perşembe ve cumartesi günleri bitkilerimi sulamamı hatırlat,calendar_set,calendar_set,calendar_set,True
8631,bunu takvimimden sil,calendar_remove,calendar_remove,calendar_remove,True
8635,şükran gününden üç hafta önce bana hindi siparişini hatırlatabilir misin,calendar_set,calendar_set,calendar_set,True
8640,yarın kütüphanedeki etkinliği takvimime not almak istiyorum,calendar_set,calendar_set,calendar_set,True
8642,bugün için hatırlatıcılarıma öğleden sonra dörtteki konferans bağlantısını ekle,calendar_set,calendar_set,calendar_set,True
8651,beni takvimimdeki bir etkinlik için uyar,calendar_set,calendar_set,calendar_set,True
8653,bana takvimimdeki etkinliği hatırlat,calendar_set,calendar_set,calendar_set,True
8666,takvimimden tüm etkinlikleri sil,calendar_remove,calendar_remove,calendar_remove,True
8667,son üç ayda mr. richards ile kaç toplantı yaptım,calendar_query,calendar_query,calendar_query,True
8670,takvimden etkinlikleri kaldır,calendar_remove,calendar_remove,calendar_remove,True
8672,öpücük konseri nerede,calendar_query,calendar_query,calendar_query,True
8674,sabah dokuzdaki toplantım nerede,calendar_query,calendar_query,calendar_query,True
8679,bugün aziz patrick günü mü,calendar_query,calendar_query,calendar_query,True
8681,herhangi birinin doğum günü mü,calendar_query,calendar_query,calendar_query,True
8694,etkinlik volkan ve gamzeyi içerecek,calendar_set,calendar_set,calendar_set,True
8730,lütfen takvimime yirmi beş marttaki toplantım için bir hatırlatıcı ayarla,calendar_set,calendar_set,calendar_set,True
8731,yedi nisanda katılmam gereken facebook etkinliği için tekrarlayan bir hatırlatma alarmı kur,alarm_set,calendar_set,calendar_set,False
8732,tüm tarihleri ​​sil,calendar_remove,calendar_remove,calendar_remove,True
8741,öğleden sonra ikiye alarm kur,alarm_set,alarm_set,alarm_set,True
8762,bu öğleden sonra için benim programımı söyle,calendar_query,calendar_query,calendar_query,True
8765,benim takvimime bugün saat dokuz da hd iskender de akşam yemeği koy,calendar_set,calendar_set,calendar_set,True
8766,benim yirmi beş mart cumartesi için toplantı m var mı,calendar_query,calendar_query,calendar_query,True
8767,canan'ın doğum günü on iki nisan mı,calendar_query,calendar_query,calendar_query,True
8769,yaklaşan etkinliği sil,calendar_remove,calendar_remove,calendar_remove,True
8771,yirmi üç mart için planladığım alışveriş seyahatini sil,calendar_remove,calendar_remove,calendar_remove,True
8774,yedi temmuz için benim program tamamen açık mı,calendar_query,calendar_query,calendar_query,True
8781,öğleden sonra dörtte müsait miyim,calendar_query,calendar_query,calendar_query,True
8782,bu öğleden sonra toplantım var mı,calendar_query,calendar_query,calendar_query,True
8791,bu etkinlik ile ilgili daha fazla bilgi,calendar_query,calendar_query,calendar_query,True
8795,saklı hatırlatıcılar ı göster,calendar_query,calendar_query,calendar_query,True
8822,gelecek etkinlikler için bilgi,recommendation_events,calendar_query,calendar_query,False
8824,on dokuzu için öğleden sonra iki de programlanmış neyim var,calendar_query,calendar_query,calendar_query,True
8825,bana gelecek cuma erdal ile olan görüşmemin bir hatırlatıcısını kur,calendar_set,calendar_set,calendar_set,True
8828,takvim deki etkinlik doğru mu,calendar_query,calendar_query,calendar_query,True
8846,bu yıl yirmi dokuz ekim için herhangi bir planım var mı,calendar_query,calendar_query,calendar_query,True
8853,bir sonraki aktivitemi temizle,calendar_remove,calendar_remove,calendar_remove,True
8856,tüm etkinlikleri takvimden sil,calendar_remove,calendar_remove,calendar_remove,True
8857,ceza ile yaklaşan toplantıyı hatırlat,calendar_set,calendar_set,calendar_set,True
8867,olly anımsatıcı için alarm kur,alarm_set,calendar_set,calendar_set,False
8868,her salı sabah onda annemi aramamı anımsat,calendar_set,calendar_set,calendar_set,True
8880,yarınki toplantı için sabah dokuzda bir hatırlatıcı ayarla,calendar_set,calendar_set,calendar_set,True
8882,bugün yedide kerem ile toplantı için alarm kur,alarm_set,alarm_set,alarm_set,True
8888,sil,calendar_remove,lists_remove,lists_remove,False
8900,her pazar yinelenen anımsatıcı kur,calendar_set,calendar_set,calendar_set,True
8904,yeni tarihli etkinlikler hakkında bilgi ver,calendar_query,calendar_query,calendar_query,True
8906,takvimde diğerleri ile birlikte bir etkinlik günü oluştur,calendar_set,calendar_set,calendar_set,True
8907,takvimde diğerleriyle etkinlikten bahset,calendar_set,calendar_query,calendar_query,False
8912,bana bugün akşam altıdan sonraki etkinlikleri söyle,calendar_query,calendar_query,calendar_query,True
8914,dört nisandaki randevum saat kaçta,calendar_query,calendar_query,calendar_query,True
8916,gün için programım nedir,calendar_query,calendar_query,calendar_query,True
8925,tüm etkinliklerimi benim takvimimden sil,calendar_remove,calendar_remove,calendar_remove,True
8939,aylanın kızının hediye partisi,calendar_set,calendar_set,calendar_set,True
8948,mustafa ile toplantı için bir etkinlik ekle,calendar_set,calendar_set,calendar_set,True
8949,lütfen hatırlatıcıyı kaldır,calendar_remove,calendar_remove,calendar_remove,True
8958,toplantı vaktini aç,calendar_query,calendar_set,calendar_set,False
8960,yaklaşan toplantı hakkında akşam uyarı vermeni istiyorum,calendar_set,calendar_set,calendar_set,True
8967,eşimin doğum gününden iki gün önce bana hatırlat,calendar_set,calendar_set,calendar_set,True
8968,bana bu hafta hatırlayacağım bir şey söyle,calendar_set,calendar_set,calendar_set,True
8975,bugün için planlanan toplantı nedir,calendar_query,calendar_query,calendar_query,True
8977,bana bekleyen fatura ödemeleri hakkında hatırlatıcılar ayarla,calendar_set,calendar_set,calendar_set,True
8978,sadece hafta boyunca patronumla yapacağım önemli toplantıları bana bildir,calendar_set,calendar_set,calendar_set,True
8985,ok google ahmetin doğum gününü takvimden sil,calendar_remove,calendar_remove,calendar_remove,True
8990,etkinlik yarat,calendar_set,calendar_set,calendar_set,True
8992,toplantıları göster,calendar_set,calendar_query,calendar_query,False
9009,yıl dönümü etkinliğini takvimimden kaldır,calendar_remove,calendar_remove,calendar_remove,True
9011,şükran günü etkinliği bu ayın on dördünde mi,calendar_query,calendar_query,calendar_query,True
9014,lütfen yirmi üç ekimde meslektaşımla yapacağım toplantı için bir bildirim ayarla,calendar_set,calendar_set,calendar_set,True
9015,takvimimdeki tüm etkinlikleri temizle,calendar_remove,calendar_remove,calendar_remove,True
9019,yirmi ila yirmi beş haziran arası toplantılar,calendar_query,calendar_set,calendar_set,False
9030,takvimden bugünkü hastane randevusunu kaldır,calendar_remove,calendar_remove,calendar_remove,True
9035,raci nikah hatırlatıcı,calendar_query,calendar_set,calendar_set,False
9043,takvimdeki yaklaşan etkinlikler,calendar_set,calendar_query,calendar_query,False
9053,salı günü meliha ile toplantı için hatırlatıcı kur,calendar_set,calendar_set,calendar_set,True
9054,etkinlik hatırlatıcı salı günü mona,calendar_set,calendar_set,calendar_set,True
9059,etkinlik sırasında beni uyar,calendar_set,calendar_set,calendar_set,True
9061,hatırlatıcılar hakkında hangi bilgilere sahibim,calendar_query,calendar_query,calendar_query,True
9062,ahmet'in doğum gününü yirmi iki hazirana koyar mısın,calendar_set,calendar_set,calendar_set,True
9074,lütfen o etkinliği iptal et,calendar_remove,calendar_remove,calendar_remove,True
9088,takvimimdeki her şeyi sil,calendar_remove,calendar_remove,calendar_remove,True
9095,bu akşamki canan ile yemeği kaldır,calendar_remove,calendar_remove,calendar_remove,True
9103,bu öğleden sonra takvimimde bir toplantı var mı,calendar_query,calendar_query,calendar_query,True
9107,üç hazirandaki tarkan konseri kaçta başlıyor,calendar_query,calendar_query,calendar_query,True
9110,yirmi beş mart toplu iki bin on yedi sergisi o tarihleri not et,calendar_set,calendar_set,calendar_set,True
9112,bunu takvimime ekle,calendar_set,calendar_set,calendar_set,True
9114,bu takvim etkinliği için tekrarlayan hatırlatma oluştur,calendar_set,calendar_set,calendar_set,True
9116,toplantımı yeniden ayarlayabilir misin,calendar_query,calendar_set,calendar_set,False
9121,hangi günler için rezervasyon yaptırdım,calendar_query,calendar_query,calendar_query,True
9124,gelecek hafta için çalışma takvimimdeki etkinlikleri göster,calendar_set,calendar_query,calendar_query,False
9137,italyan restoranı öğle ve akşam yemekleri arasında saat kaçta kapalı,calendar_query,recommendation_locations,recommendation_locations,False
9138,şampiyonluk maçı resmi olarak ne zaman başlıyor,qa_factoid,calendar_query,calendar_query,False
9149,gala akşam yemeğinin kaçta başlanması bekleniyor,calendar_query,calendar_query,calendar_query,True
9153,lütfen cumartesi günü canan ile akşam yemeği takvimime ekle,calendar_set,calendar_set,calendar_set,True
9155,cuma gününe saat üçte dişçi randevusu ekle lütfen,calendar_set,calendar_set,calendar_set,True
9156,hatırlatmak,calendar_set,calendar_set,calendar_set,True
9175,takvimim son on dakikada güncellendi mi,calendar_query,calendar_query,calendar_query,True
9182,anne babamı havaalanından alma planlarımı iptal et,calendar_remove,calendar_remove,calendar_remove,True
9187,toplantıya katılacak tüm müşterileri araştır,calendar_set,calendar_query,calendar_query,False
9193,bu tarihi tekrarlayacak şekilde ayarla,calendar_set,calendar_set,calendar_set,True
9194,lütfen bu etkinliği takvimimden kaldır,calendar_remove,calendar_remove,calendar_remove,True
9197,bu hafta için planlanmış neyim var,calendar_query,calendar_query,calendar_query,True
9198,lütfen hatırlatıcılarımı kontrol et,calendar_query,calendar_query,calendar_query,True
9202,benim radyo istasyonumu aç,play_radio,play_radio,play_radio,True
9204,radyo best fm,play_radio,play_radio,play_radio,True
9212,birileri radyo açsın,play_radio,play_radio,play_radio,True
9216,benim istasyonumu aç,play_radio,play_radio,play_radio,True
9225,radyo açabilir misin lütfen,play_radio,play_radio,play_radio,True
9233,pandora'yı aç,play_radio,play_radio,play_radio,True
9236,yüz altı nokta dokuz kanal ına git,play_radio,play_radio,play_radio,True
9237,radyoyu aç ve yüz altı nokta dokuz kanalını çal,play_radio,play_radio,play_radio,True
9250,radyo dinlemek istiyorum,play_radio,play_radio,play_radio,True
9254,lütfen number one f. m.,play_radio,play_radio,play_radio,True
9263,radyo uygulamalarını aç,play_radio,play_radio,play_radio,True
9269,sekiz yüz doksan yedi f. m. aç,play_radio,play_radio,play_radio,True
9270,dokuz yüz otuz yedi f.m. çal,play_radio,play_music,play_music,False
9275,radyoda sadece dokuz yüz doksan dokuz f.m. çalınacak,play_radio,play_radio,play_radio,True
9284,f. m. çal,play_radio,play_radio,play_radio,True
9291,çal,play_radio,play_music,play_music,False
9301,trt fm aç,play_radio,play_radio,play_radio,True
9303,eskiler istasyonu nu oynat,play_radio,play_radio,play_radio,True
9305,radyo d çal,play_radio,play_radio,play_radio,True
9316,benim için kiss f. m. çal,play_radio,play_music,play_music,False
9317,şimdi radyoyu başlat,play_radio,play_radio,play_radio,True
9321,şimdi radyo aç,play_radio,play_radio,play_radio,True
9323,pandora başlat,play_radio,play_radio,play_radio,True
9326,lütfen şimdi radyo d'yi oynat,play_radio,play_radio,play_radio,True
9327,hemen şimdi radyoda bir am frekansını tara lütfen,play_radio,play_radio,play_radio,True
9330,çal,play_radio,play_music,play_music,False
9341,alexa radyo istasyonunu değiştir,play_radio,play_radio,play_radio,True
9352,radyo çal lütfen,play_radio,play_radio,play_radio,True
9353,biraz müzik başlat radyo çal,play_radio,play_radio,play_radio,True
9358,sekiz yüz seksen dokuz radyo kanalını başlat,play_radio,play_radio,play_radio,True
9361,radyo dinle,play_radio,play_radio,play_radio,True
9362,radyo kanalları,play_radio,play_radio,play_radio,True
9363,radyoda hitleri çalalım,play_radio,play_radio,play_radio,True
9364,müzik hitler çalalım,play_radio,play_music,play_music,False
9380,radyo number one 'a gitmek istiyorum,play_radio,play_radio,play_radio,True
9384,trt radyoyu aç,play_radio,play_radio,play_radio,True
9394,hey olly radyoyu başlat,play_radio,play_radio,play_radio,True
9402,number one turk radyo istasyonunu aç,play_radio,play_radio,play_radio,True
9406,benim power turk radyo kanalımı başlat,play_radio,play_radio,play_radio,True
9408,radyo çalmaya başla,play_radio,play_radio,play_radio,True
9426,r'n b. çalan istasyon dinlemek istiyorum,play_radio,play_radio,play_radio,True
9438,bana radyoda bir rap parça çalabilir misin,play_radio,play_radio,play_radio,True
9457,let it go şarkısını çal,play_music,play_music,play_music,True
9460,doksanlardan hip hop çal,play_music,play_music,play_music,True
9471,amerikan folk müziği müzik istasyonu aç,play_radio,play_radio,play_radio,True
9494,lütfen pop şarkılar çalan bir f. m. kanalı çalabilir misin,play_radio,play_radio,play_radio,True
9506,olly radyo d dinleyelim,play_radio,play_radio,play_radio,True
9507,lütfen şu anda teoman çalan bir radyo istasyonu bul,play_radio,play_radio,play_radio,True
9519,herhangi bir pop f.m kanalı çal,play_radio,play_radio,play_radio,True
9520,radyo yayını yapan son doktoru çal,play_radio,play_radio,play_radio,True
9524,fularsız entellik programına bağlan,play_radio,play_radio,play_radio,True
9528,radyo viva'yı aç ve hoparlörlerimden çal,play_radio,play_radio,play_radio,True
9541,radyoda tatlı şarkıyı çal,play_radio,play_radio,play_radio,True
9542,radyoda en son haber programını dinleyeyim,play_radio,play_radio,play_radio,True
9545,haber galeri programını,play_radio,news_query,news_query,False
9554,power fm de romantik bir müzik çal,play_radio,play_radio,play_radio,True
9561,radyoda power fm'i çal,play_radio,play_radio,play_radio,True
9562,bu programı benim için çalabilir misin,play_radio,play_radio,play_radio,True
9565,kesintisiz şarkılarla bir radyo çal,play_radio,play_radio,play_radio,True
9568,sıla 'dan canlı konser serileri aç,play_radio,play_radio,play_radio,True
9569,ok google yüz altı nokta yedi 'yi aç,play_radio,play_radio,play_radio,True
9577,kanalı trt fm olarak değiştir,play_radio,play_radio,play_radio,True
9591,doksan bir nokta üç f.m. de bhuli bisri yaadien programını aç,play_radio,play_radio,play_radio,True
9592,erkek sorunları ele alan podcastler ara,play_podcasts,play_podcasts,play_podcasts,True
9594,doksan dokuz nokta dört f. m. şarkılar,play_radio,play_music,play_music,False
9601,ülke radyosu 'nu aç,play_radio,play_radio,play_radio,True
9617,bana sabahları yayınlanan ekonomi ekoloji şovları çal,play_radio,play_radio,play_radio,True
9619,araba radyosunda radyo dumanı çal,play_radio,play_radio,play_radio,True
9620,yatak odasındaki radyoda balkonumdan yıldızlar 'ı dinleyebilir miyim,play_radio,play_audiobook,play_audiobook,False
9629,radyo dinlemem için bana yardımcı olabilir misin lütfen,play_radio,play_radio,play_radio,True
9630,benim için ntv radyo'yu aç,play_radio,play_radio,play_radio,True
9632,radyo lütfen,play_radio,play_radio,play_radio,True
9637,joyturk radyoda çalma listemi başlat,play_radio,play_radio,play_radio,True
9640,spotify ve egzersiz aç,play_radio,play_music,play_music,False
9651,benim p. s. dört üzerinde netflix aç,play_radio,play_radio,play_radio,True
9656,bana hoparlöründen hareketli bir şarkı çal,play_music,play_music,play_music,True
9669,sabahattin ali 'den kürk mantolu madonna 'yı dinlemek istiyorum,play_audiobook,play_music,play_music,False
9674,benim favori tarzan sesli kitabımı çalabilir misin,play_audiobook,play_audiobook,play_audiobook,True
9676,burak göral 'dan benim sesli kitabımı kaldığı yerden devam ettir,play_audiobook,play_audiobook,play_audiobook,True
9678,kuyucaklı yusuf 'u açabilir misin,play_audiobook,play_audiobook,play_audiobook,True
9680,geçen sefer dinlemeyi bıraktığım yerden harry potterı devam ettir,play_audiobook,play_audiobook,play_audiobook,True
9689,kitabı durdur,play_audiobook,play_audiobook,play_audiobook,True
9691,yalan yanlış hayatlar sesli kitabını aç,play_audiobook,play_audiobook,play_audiobook,True
9694,o adındaki bir çocuk blaybackine devam et,play_audiobook,play_audiobook,play_audiobook,True
9700,şapka 'yı aç,play_audiobook,play_audiobook,play_audiobook,True
9706,sen ağlama 'yı çal,play_music,play_music,play_music,True
9707,medyayı aç sen ağlama'yı çal,play_music,play_music,play_music,True
9718,hayvan çiftliği kitabını kaldığı yerden devam ettir,play_audiobook,play_audiobook,play_audiobook,True
9720,puslu kıtalar atlasını kaldığı yerden devam ettir,play_audiobook,play_audiobook,play_audiobook,True
9726,sesli kitabı durdur,play_audiobook,play_audiobook,play_audiobook,True
9732,davinci şifresi sesli kitabını aç,play_audiobook,play_audiobook,play_audiobook,True
9738,lütfen benim için klasik müzik çalar mısın,play_music,play_music,play_music,True
9746,senden önce ben'i aç,play_audiobook,play_audiobook,play_audiobook,True
9754,olly kiralık konak ı dinleyelim,play_audiobook,play_music,play_music,False
9760,çalmayı durdur,play_audiobook,audio_volume_mute,audio_volume_mute,False
9761,beklet,play_audiobook,calendar_set,calendar_set,False
9767,gezegenler sesli kitabını çal,play_audiobook,play_audiobook,play_audiobook,True
9768,sesli kitap okumaya devam et,play_audiobook,play_audiobook,play_audiobook,True
9772,sesli kitabı okumaya devam et lütfen,play_audiobook,play_audiobook,play_audiobook,True
9793,romantik şarkılar çal,play_music,play_music,play_music,True
9795,kanunlar gibi yi kaldığı yerden devam ettir,play_music,play_audiobook,play_audiobook,False
9812,harrypotter sesli kitabını aç ve en son çaldığımız yerden başlat,play_audiobook,play_audiobook,play_audiobook,True
9815,sesli kitapta bu playbeki çal lütfen,play_audiobook,play_audiobook,play_audiobook,True
9827,ezhel in sesli kitap ından bir şarkıyı kaldığı yerden devam ettir,play_audiobook,play_audiobook,play_audiobook,True
9844,dinlemekte olduğum sesli kitabın son bölümüne devam et,play_audiobook,play_audiobook,play_audiobook,True
9851,kuran a geçen defa kaldığım yerden devam et,play_audiobook,play_audiobook,play_audiobook,True
9853,alexa mahalle kahvesi son bölümünü başlat,play_audiobook,play_podcasts,play_podcasts,False
9855,tekrar alacakaranlık kuşağı nın sesli pleybekini başlat,play_audiobook,play_audiobook,play_audiobook,True
9856,çalıkuşu kitabını oynat,play_audiobook,play_audiobook,play_audiobook,True
9857,benim seçimim baştan bir ses çalmak,play_audiobook,play_music,play_music,False
9871,benim favori kitabımı çal lütfen,play_audiobook,play_audiobook,play_audiobook,True
9875,bana daha çok latife tekin kitabı oku,play_audiobook,play_audiobook,play_audiobook,True
9878,lütfen benim sesli kitabıma devam et,play_audiobook,play_audiobook,play_audiobook,True
9881,sesli kitap aç,play_audiobook,play_audiobook,play_audiobook,True
9885,sesli kuran çal lütfen,play_audiobook,play_audiobook,play_audiobook,True
9895,suyu arayan adam ı oynatmayı sürdür,play_audiobook,play_audiobook,play_audiobook,True
9896,yaban da beşinci bölüme başla,play_audiobook,play_podcasts,play_podcasts,False
9897,ahmet ümit 'ten polisiye romanları geri çal,play_audiobook,play_audiobook,play_audiobook,True
9902,bana aşk içeren rasgele bir sesli kitap çal,play_audiobook,play_audiobook,play_audiobook,True
9909,eylül ü oynatmayı sürdür,play_audiobook,play_audiobook,play_audiobook,True
9912,olly yumurtaları ne kadar süre haşlamam gerekiyor,cooking_recipe,cooking_recipe,cooking_recipe,True
9918,nasıl pizza yaparım,cooking_recipe,cooking_recipe,cooking_recipe,True
9923,bir yumurtayı ne kadar kaynatmam lazım,cooking_recipe,cooking_recipe,cooking_recipe,True
9924,bana tarifini söyle,cooking_recipe,cooking_recipe,cooking_recipe,True
9930,yumurtayı ne kadar süre haşlamalıyım,cooking_recipe,cooking_recipe,cooking_recipe,True
9931,yumurtayı ne kadar süre haşlamam lazım,cooking_recipe,cooking_recipe,cooking_recipe,True
9940,bana çikolatalı pasta tarifi bul,cooking_recipe,cooking_recipe,cooking_recipe,True
9941,nasıl tereyağlı tavuk pişireyim,cooking_recipe,cooking_recipe,cooking_recipe,True
9942,yaş pastaya konulacakların tümü neler,cooking_recipe,calendar_query,calendar_query,False
9943,sebzeli lazanya ne kadar sürede yapılır,cooking_recipe,cooking_recipe,cooking_recipe,True
9952,bana pişirme dersleri ver,cooking_recipe,cooking_recipe,cooking_recipe,True
9955,bana bir kızarmış tavuk hazırlama videosu göster,cooking_recipe,cooking_recipe,cooking_recipe,True
9956,tereyağı ne ile değiştirilebilir,cooking_recipe,cooking_recipe,cooking_recipe,True
9961,patates kızartmak için en iyi fırın sıcaklığı ne,cooking_recipe,cooking_recipe,cooking_recipe,True
9962,makarna pişirmenin en iyi yolu ne,cooking_recipe,cooking_recipe,cooking_recipe,True
9964,yemek süreci hakkında bilgi,cooking_recipe,cooking_recipe,cooking_recipe,True
9966,makarna pişirmenin en kolay yolu nedir,cooking_recipe,cooking_recipe,cooking_recipe,True
9969,safran yerine ne kullanılabilir,cooking_recipe,qa_definition,qa_definition,False
9971,ısıyı ne daha iyi iletir bakır tabanlı tencere veya dökme demir,cooking_recipe,cooking_recipe,cooking_recipe,True
9976,hey robot bana yahni için malzeme listesi ver,cooking_recipe,lists_query,lists_query,False
9977,lütfen internet araması yapıp italyan yemekleri pişirmek için uygun youtube videoları göster,cooking_recipe,cooking_recipe,cooking_recipe,True
9979,bana biraz yulaf pişir,cooking_recipe,cooking_recipe,cooking_recipe,True
9980,bugün menü nedir ona haşlanmış sebzeler de ekle,cooking_recipe,lists_createoradd,lists_createoradd,False
9986,kaynatmak,cooking_recipe,general_quirky,general_quirky,False
9994,bulgur pilavı tarifi verir misin,cooking_recipe,cooking_recipe,cooking_recipe,True
10016,şükran günü hindisi tarifini beş cümleyle versen ne derdin,cooking_recipe,cooking_recipe,cooking_recipe,True
10019,bana on iki adet yulaf ezmeli kurabiyeyi nasıl pişireceğimi söyler misin,cooking_recipe,cooking_recipe,cooking_recipe,True
10023,kuzu külbastı yapmak için neye ihtiyacım var,cooking_recipe,cooking_recipe,cooking_recipe,True
10027,yemek yapmak için talimatlar,cooking_recipe,cooking_recipe,cooking_recipe,True
10031,benim alışveriş listemdeki malzemelerden bir tarif istiyorum,cooking_recipe,lists_query,lists_query,False
10038,yemek için iyi bir fikre ihtiyacım var,cooking_recipe,cooking_recipe,cooking_recipe,True
10045,bana ev yapımı terbiyeli erişteli tavuk çorbası tarifi verebilir misin,cooking_recipe,cooking_recipe,cooking_recipe,True
10048,nasıl hindi pişiririm,cooking_recipe,cooking_recipe,cooking_recipe,True
10049,bana balık ekmek nasıl yapılır anlat,cooking_recipe,cooking_recipe,cooking_recipe,True
10053,nasıl pizza yapabilirim,cooking_recipe,cooking_recipe,cooking_recipe,True
10055,kızarmış tavuk tarifi ne,cooking_recipe,cooking_recipe,cooking_recipe,True
10061,akşam yemeği için ne yapayım,cooking_recipe,cooking_recipe,cooking_recipe,True
10072,fırında tavuk için pişirme süreleri,cooking_recipe,cooking_recipe,cooking_recipe,True
10076,karbonat yerine kabartma tozu kullanılabilir mi,cooking_recipe,general_quirky,general_quirky,False
10077,bu akşam için bir yemek tarifi bul,cooking_recipe,cooking_recipe,cooking_recipe,True
10078,akşam yemeği için ne pişirmeliyim,cooking_recipe,cooking_recipe,cooking_recipe,True
10080,birlikte köfte pişirelim,cooking_recipe,cooking_recipe,cooking_recipe,True
10081,bana köfte pişirmeyi anlat,cooking_recipe,cooking_recipe,cooking_recipe,True
10090,ton balığı tarifi alabilir miyim,cooking_recipe,cooking_recipe,cooking_recipe,True
10093,lazanya nasıl yapılır,cooking_recipe,cooking_recipe,cooking_recipe,True
10097,çizburger rica ederim,cooking_recipe,general_quirky,general_quirky,False
10099,risotto nasıl yapılır biliyor musun,cooking_recipe,cooking_recipe,cooking_recipe,True
10100,pilav tarifi biliyor musun,cooking_recipe,cooking_recipe,cooking_recipe,True
10105,orta az pişmiş olması için bifteği ne kadar pişirmeliyim,cooking_recipe,cooking_recipe,cooking_recipe,True
10107,bir pilav tarifine ihtiyacım var,cooking_recipe,cooking_recipe,cooking_recipe,True
10119,altı kiloluk bir hindiyi ne kadar süre pişirirsin,cooking_recipe,cooking_recipe,cooking_recipe,True
10125,fırınlama ve kızartma arasındaki fark nedir,cooking_recipe,general_quirky,general_quirky,False
10132,biftek orta kıvamda olsun diye ne kadar süre pişirmeliyim,cooking_recipe,cooking_recipe,cooking_recipe,True
10150,dürüm nasıl yapılır,cooking_recipe,cooking_recipe,cooking_recipe,True
10156,biber dolması nasıl yapılır öğrenmem lazım,cooking_recipe,cooking_recipe,cooking_recipe,True
10164,makarnayı ne kadar süre pişiriyorum,cooking_recipe,cooking_recipe,cooking_recipe,True
10166,elmalı turta tarifi ara,cooking_recipe,cooking_recipe,cooking_recipe,True
10171,balık çorbasının tarifi nedir,cooking_recipe,cooking_recipe,cooking_recipe,True
10177,peynirli makarna nasıl yapılır,cooking_recipe,cooking_recipe,cooking_recipe,True
10182,omlet için kaç yumurta lazım,cooking_recipe,cooking_recipe,cooking_recipe,True
10197,bana en iyi spagetti tarifini göster,cooking_recipe,cooking_recipe,cooking_recipe,True
10206,pilav nasıl hazırlanır,cooking_recipe,cooking_recipe,cooking_recipe,True
10213,meşhur pilav tarifleri listesi,cooking_recipe,cooking_recipe,cooking_recipe,True
10214,bir saatte pişebilecek yemek tarifleri,cooking_recipe,cooking_recipe,cooking_recipe,True
10216,internette kek kalıbı ara,cooking_recipe,qa_definition,qa_definition,False
10217,nefisyemektarifleri uygulaması içinde acuka tarifini bul,cooking_recipe,cooking_recipe,cooking_recipe,True
10220,büyük bir kek pişirmek için hangi malzemelere ihtiyacım var,cooking_recipe,cooking_recipe,cooking_recipe,True
10224,lezzetli olmalı,cooking_recipe,cooking_recipe,cooking_recipe,True
10226,makarna hazırlama tarifi verir misin,cooking_recipe,cooking_recipe,cooking_recipe,True
10247,benimle bir oyun oyna,play_game,play_game,play_game,True
10256,super mario indir,play_game,play_game,play_game,True
10260,benimle tavla oyna,play_game,play_game,play_game,True
10263,satranç aplikasyonunu aç ve oynamaya başla,play_game,play_game,play_game,True
10268,hadi tavla oynayalım,play_game,play_game,play_game,True
10276,battleship oynayalım,play_game,play_game,play_game,True
10285,lütfen clash of clans oynat,play_game,play_game,play_game,True
10286,lütfen clash of clans başlat,play_game,play_game,play_game,True
10288,benimle tic tac toe oyunu oynar mısın,play_game,play_game,play_game,True
10292,benimle oyun oyna,play_game,play_game,play_game,True
10296,temple run oyununu benim için açar mısın lütfen,play_game,play_game,play_game,True
10302,oyun kur,play_game,play_game,play_game,True
10308,masa tenisi aç,play_game,iot_cleaning,iot_cleaning,False
10317,bana xox aç,play_game,play_radio,play_radio,False
10319,benimle futbol oyna,play_game,play_game,play_game,True
10321,fifa on yedi oynamak istiyorum,play_game,play_game,play_game,True
10323,oynayalım,play_game,play_game,play_game,True
10333,saga aç,play_game,play_audiobook,play_audiobook,False
10335,olly benimle poker oyna,play_game,play_game,play_game,True
10338,benim için harry potter ve sırlar odası oyununu aç,play_game,play_game,play_game,True
10339,lütfen seninle oynamayı isteyeceğim bir satranç oyunu aç,play_game,play_game,play_game,True
10346,bir oyun aç ve benimle oyna,play_game,play_game,play_game,True
10349,hadi counter strike oynayalım,play_game,play_game,play_game,True
10350,araba yarışı oynat,play_game,play_game,play_game,True
10352,mfö çal,play_game,play_music,play_music,False
10353,papa pear saga çal,play_game,play_audiobook,play_audiobook,False
10355,satranç aç,play_game,play_game,play_game,True
10357,oyun oyna,play_game,play_game,play_game,True
10365,ikinci oyuncu olarak bir contra oyunu aç,play_game,play_game,play_game,True
10366,yüksek hızda araba yarışı oynamalıyız,play_game,play_game,play_game,True
10381,bizim için competitive crossword başlat,play_game,play_game,play_game,True
10399,lütfen satranç aç ve benimle oyna,play_game,play_game,play_game,True
10403,oyunlar aç,play_game,play_game,play_game,True
10406,senle benim için satranç aç,play_game,play_game,play_game,True
10426,günlükte başka ne eksik,lists_query,calendar_query,calendar_query,False
10427,lütfen alışveriş listemi temizle,lists_remove,lists_remove,lists_remove,True
10430,listedeki ilk öğeyi sil,lists_remove,lists_remove,lists_remove,True
10433,benim görev listemi kaldır,lists_remove,lists_remove,lists_remove,True
10440,listemdeki herhangi bir özel etkinlik,lists_query,lists_query,lists_query,True
10442,etkinlikleri listemden kaldır,lists_remove,lists_remove,lists_remove,True
10444,öğeyi sil,lists_remove,lists_remove,lists_remove,True
10451,bugün ne yapacağım,lists_query,general_quirky,general_quirky,False
10455,yapılacaklar listemde ne var,lists_query,lists_query,lists_query,True
10462,bir listeden kurtul,lists_remove,lists_remove,lists_remove,True
10471,yeni yapılacaklar listesi yapmam lazım,lists_createoradd,lists_createoradd,lists_createoradd,True
10472,mutfak listeme başlamama yardım et,lists_createoradd,lists_createoradd,lists_createoradd,True
10493,yapılacaklar listemde ne var,lists_query,lists_query,lists_query,True
10494,kalemi kırtasiyeden çıkar,lists_remove,lists_remove,lists_remove,True
10497,antalyadaki beş yıldızlı otellerin bir listesini alabilir miyim,qa_factoid,recommendation_locations,recommendation_locations,False
10501,market listeme brokoli ekle,lists_createoradd,lists_createoradd,lists_createoradd,True
10503,postaneyi cumartesi yapılacak işler listeme ekle,lists_createoradd,lists_createoradd,lists_createoradd,True
10508,liste öğesini kaldır,lists_remove,lists_remove,lists_remove,True
10512,sırada bekleyen her şeyi listele,lists_query,lists_query,lists_query,True
10513,bu haftanın alışveriş listesini yapmak istiyorum,lists_createoradd,lists_createoradd,lists_createoradd,True
10523,eski ingilizce şarkılar listemi çalma listesinden sil,lists_remove,lists_remove,lists_remove,True
10525,araba ödememi takvimimden kaldır,lists_remove,calendar_remove,calendar_remove,False
10527,listeyi kaldır,lists_remove,lists_remove,lists_remove,True
10534,bugün için yapılacaklar listesi nasıl,lists_query,lists_query,lists_query,True
10538,lütfen alışveriş listemi tekrar et,lists_query,lists_createoradd,lists_createoradd,False
10563,benim için bir liste yapabilir misin,lists_createoradd,lists_createoradd,lists_createoradd,True
10565,tüm listeleri sil,lists_remove,lists_remove,lists_remove,True
10568,eski müzik listesini kaldır,lists_remove,lists_remove,lists_remove,True
10570,yapılacaklar listemi kontrol et,lists_query,lists_query,lists_query,True
10571,android,lists_query,general_quirky,general_quirky,False
10577,bana tüm listelerimi ver,lists_query,lists_query,lists_query,True
10579,konum listemi sıfırla,lists_remove,lists_remove,lists_remove,True
10588,bana listenin içeriğini göster,lists_query,lists_query,lists_query,True
10590,ikinci satırı listeden kaldır,lists_remove,lists_remove,lists_remove,True
10600,lütfen market listemi bir galon yüzde iki sütle güncelle,lists_createoradd,lists_createoradd,lists_createoradd,True
10608,öğeyi ara,lists_createoradd,lists_query,lists_query,False
10621,menü kartına kuru fasulye ekle,lists_createoradd,lists_createoradd,lists_createoradd,True
10636,müsait bir liste oluşturun,lists_createoradd,lists_createoradd,lists_createoradd,True
10640,satın almam gerekenler listesine deterjan ekle,lists_createoradd,lists_createoradd,lists_createoradd,True
10645,alışveriş listeme kırmızı şarap ekle,lists_createoradd,lists_createoradd,lists_createoradd,True
10655,parti zamanı adlı listeyi kaldır,lists_remove,lists_remove,lists_remove,True
10667,planlar listesini yenile,lists_query,lists_query,lists_query,True
10673,lütfen aşağıdaki listeyi kaldır,lists_remove,lists_remove,lists_remove,True
10674,mevcut listeyi çöpe at,lists_remove,lists_remove,lists_remove,True
10678,masraflar listeme beş lira harcadığımı ekle,lists_createoradd,lists_createoradd,lists_createoradd,True
10679,bugün yapılacaklar listemde ne var,lists_query,lists_query,lists_query,True
10684,ben hangi listeleri sorguladım,lists_query,lists_query,lists_query,True
10687,gösteri olayı varsa onu kaldırın,lists_remove,calendar_remove,calendar_remove,False
10696,değiştir,lists_remove,play_audiobook,play_audiobook,False
10699,listedeki öğeler hakkında beni bilgilendir,lists_query,lists_query,lists_query,True
10709,bunu listeye ekle,lists_createoradd,lists_createoradd,lists_createoradd,True
10712,yeni bir liste oluştur,lists_createoradd,lists_createoradd,lists_createoradd,True
10718,bu öğeyi listeden kaldırabilir misin,lists_remove,lists_remove,lists_remove,True
10731,benim listemde ne olduğunu oku,lists_query,lists_query,lists_query,True
10738,lütfen market listeme bir ürün ekler misin,lists_createoradd,lists_createoradd,lists_createoradd,True
10743,o öğeyi kaldır,lists_remove,lists_remove,lists_remove,True
10753,migros listesine ne koydum,lists_query,lists_query,lists_query,True
10755,yapılacaklar listemi at lütfen,lists_remove,lists_remove,lists_remove,True
10756,alışveriş listesini temizle,lists_remove,lists_remove,lists_remove,True
10757,alışveriş listemde hangi ürünler var,lists_query,lists_query,lists_query,True
10759,alışveriş listemi oku,lists_query,lists_query,lists_query,True
10760,iki gün önce yazdığım listeyi söyle,lists_query,lists_query,lists_query,True
10770,alışveriş listemden mısır gevreğini çıkar,lists_remove,lists_remove,lists_remove,True
10772,bugünün planlarından dişçi randevusunu kaldır,calendar_remove,calendar_remove,calendar_remove,True
10776,hazır bir market listem var mı,lists_query,lists_query,lists_query,True
10786,bugün için etkinlikler listemi temizle,lists_remove,lists_remove,lists_remove,True
10790,öğeyi listeden sil,lists_remove,lists_remove,lists_remove,True
10792,bir liste yapmam gerek,lists_createoradd,lists_createoradd,lists_createoradd,True
10804,market listemi oku,lists_query,lists_query,lists_query,True
10805,lütfen bana sahip olduğum listeyi göster,lists_query,lists_query,lists_query,True
10808,listelenen son öğeyi sil,lists_remove,lists_remove,lists_remove,True
10812,alışveriş listeme muz ekle,lists_createoradd,lists_createoradd,lists_createoradd,True
10815,alışveriş listeme diş macunu ekle,lists_createoradd,lists_createoradd,lists_createoradd,True
10816,bir çalma listesi oluştur,lists_createoradd,lists_createoradd,lists_createoradd,True
10824,olly listeyi temizle,lists_remove,lists_remove,lists_remove,True
10825,listeyi temizle,lists_remove,lists_remove,lists_remove,True
10827,yiyecekler listesini sil,lists_remove,lists_remove,lists_remove,True
10828,hepsini sil,lists_remove,calendar_remove,calendar_remove,False
10832,olly sonrası için ne planladım,calendar_query,calendar_query,calendar_query,True
10843,sütü market listemden çıkar,lists_remove,lists_remove,lists_remove,True
10846,şu anda nintendo anahtarını satın almak için yeterli param yok lütfen amazon istek listemden kaldırır mısın,lists_remove,lists_remove,lists_remove,True
10848,bu listeyi diğerlerinden kaldır,lists_remove,lists_remove,lists_remove,True
10851,benim mevcut listelerim neler,lists_query,lists_query,lists_query,True
10853,şunu oradan çıkar,lists_remove,lists_remove,lists_remove,True
10855,listemi kontrol etmem gerek,lists_query,lists_query,lists_query,True
10858,yeni liste,lists_createoradd,lists_createoradd,lists_createoradd,True
10868,olly listede başka herhangi bir şey kaldı mı,lists_query,lists_query,lists_query,True
10887,listemi sil,lists_remove,lists_remove,lists_remove,True
10893,bir market listesi yap lütfen,lists_createoradd,lists_createoradd,lists_createoradd,True
10895,listemden öğeyi sil,lists_remove,lists_remove,lists_remove,True
10898,lütfen parti için alınacakların listesini ekle,lists_createoradd,lists_createoradd,lists_createoradd,True
10909,olly bana listelerimi oku,lists_query,lists_query,lists_query,True
10915,yeni liste başlat,lists_createoradd,lists_createoradd,lists_createoradd,True
10927,listemi duymama izin ver,lists_query,lists_query,lists_query,True
10931,çalma listemde ne var,lists_query,lists_query,lists_query,True
10936,lütfen benim favori albümler listemi kaldır,lists_remove,lists_remove,lists_remove,True
10938,lütfen market listeme şeker ekleyin,lists_createoradd,lists_createoradd,lists_createoradd,True
10940,yeni bir alışveriş listesi yap,lists_createoradd,lists_createoradd,lists_createoradd,True
10954,kişilerde kaç tane listem var,lists_query,lists_query,lists_query,True
10956,kişilerimde hangi gruplar listeleniyor,lists_query,calendar_query,calendar_query,False
10957,bana kaç tane listem olduğunu hatırlat,lists_query,lists_query,lists_query,True
10960,şunu listeden çıkar,lists_remove,lists_remove,lists_remove,True
10970,son cümleyi sil,lists_remove,lists_remove,lists_remove,True
10979,şu an listende ne var,lists_query,lists_query,lists_query,True
10981,listeyi bana bildir,lists_query,lists_query,lists_query,True
10982,benim bakkal listeme hamburger koy,lists_createoradd,lists_createoradd,lists_createoradd,True
10985,bu hafta yapılacakları sil,lists_remove,calendar_remove,calendar_remove,False
10990,yapılacaklar listemden mutfağı paspaslamayı çıkar,lists_remove,lists_remove,lists_remove,True
10996,aliyi kişiler listeme ekle,lists_createoradd,lists_createoradd,lists_createoradd,True
10999,listeyi söyle,lists_query,lists_query,lists_query,True
11023,alışveriş listesini kaldır,lists_remove,lists_remove,lists_remove,True
11024,yapılacaklar listesini sil,lists_remove,lists_remove,lists_remove,True
11026,listeye yeni öğe ekle,lists_createoradd,lists_createoradd,lists_createoradd,True
11029,listeye ekle,lists_createoradd,lists_createoradd,lists_createoradd,True
11053,google listesinden kurtul,lists_remove,lists_remove,lists_remove,True
11067,bakkaliye listeme portakallar ekle lütfen,lists_createoradd,lists_createoradd,lists_createoradd,True
11075,kaç listem var,lists_query,lists_query,lists_query,True
11081,defterimde hangi listeler var,lists_query,lists_query,lists_query,True
11085,sütü alışveriş listesinden çıkar,lists_remove,lists_remove,lists_remove,True
11098,bin dokuz yüz doksan vergi listesinden kurtul,lists_remove,lists_remove,lists_remove,True
11107,benim şu an geçerli listem neler,lists_query,lists_query,lists_query,True
11124,çalışma listemdeki öğeleri listele,lists_query,lists_query,lists_query,True
11125,bana satın alma siparişiyle ilgili ayrıntıları ver,lists_query,takeaway_order,takeaway_order,False
11133,geçen hafta oluşturduğum konuk listesini kaldır,lists_remove,lists_remove,lists_remove,True
11140,liste ayarla,lists_createoradd,lists_createoradd,lists_createoradd,True
11141,lütfen alfabetik a ile başlayan tüm isimleri bul ve bir liste oluştur,lists_createoradd,lists_createoradd,lists_createoradd,True
11146,kişi listeme çalışma kişileri ekle,lists_createoradd,lists_createoradd,lists_createoradd,True
11154,son yapılacaklar listesini kontrol et,lists_query,lists_query,lists_query,True
11157,lütfen yeni liste oluştur,lists_createoradd,lists_createoradd,lists_createoradd,True
11162,elmaları listeden çıkarmak istiyorum,lists_remove,lists_remove,lists_remove,True
11164,listeden kaldır,lists_remove,lists_remove,lists_remove,True
11166,google keep,lists_query,lists_createoradd,lists_createoradd,False
11168,listemi sil,lists_remove,lists_remove,lists_remove,True
11172,bana tüm mevcut listeleri ver,lists_query,lists_query,lists_query,True
11174,bu cihazdaki tüm listeleri listele,lists_query,lists_query,lists_query,True
11177,alışveriş listesine bir kol saati ekle,lists_createoradd,lists_createoradd,lists_createoradd,True
11180,parti planlamam,calendar_query,calendar_set,calendar_set,False
11186,giysiler listem var,lists_query,lists_query,lists_query,True
11189,listeyi bul,lists_query,lists_query,lists_query,True
11204,önemli ev bilgileri,lists_query,general_quirky,general_quirky,False
11215,liste,lists_query,lists_query,lists_query,True
11238,lütfen benim için yeni bir liste yarat,lists_createoradd,lists_createoradd,lists_createoradd,True
11250,market listemi tekrar bana oku,lists_query,lists_query,lists_query,True
11257,olly sonraki kaydı çal,play_podcasts,play_podcasts,play_podcasts,True
11259,sonraki podcaste atla,play_podcasts,play_podcasts,play_podcasts,True
11261,sıradaki,play_podcasts,play_podcasts,play_podcasts,True
11265,bir sonrakini çal,play_podcasts,play_podcasts,play_podcasts,True
11266,benim kütüphanemden bir podcast çal,play_podcasts,play_podcasts,play_podcasts,True
11267,en son arabesk şampiyonlar ligi ile ilgili ilginç bir podcast bul,play_podcasts,play_podcasts,play_podcasts,True
11270,sonraki podcast ı çal,play_podcasts,play_podcasts,play_podcasts,True
11272,bir sonrakini çal,play_podcasts,play_podcasts,play_podcasts,True
11273,j. k. rowling'in harry potter'ının bir sonraki bölümünü çal,play_audiobook,play_audiobook,play_audiobook,True
11279,podcast a git ve rabarba dan sıradaki bölüm ü çal,play_podcasts,play_podcasts,play_podcasts,True
11286,isimsiz podcast ını çal,play_podcasts,play_podcasts,play_podcasts,True
11296,benim bütün podcast imi yükle,play_podcasts,play_podcasts,play_podcasts,True
11302,son liberteryen podcast ini aç,play_podcasts,play_podcasts,play_podcasts,True
11303,bir sonraki rabarba podcast ını çal,play_podcasts,play_podcasts,play_podcasts,True
11306,dün dinlediğim podcasti oynat,play_podcasts,play_podcasts,play_podcasts,True
11318,podcast te sıradaki bölümü çal,play_podcasts,play_podcasts,play_podcasts,True
11322,günün en iyi podcastleri hangileri,play_podcasts,play_podcasts,play_podcasts,True
11328,philadelphia eagles content için podcasti aç,play_podcasts,play_podcasts,play_podcasts,True
11331,bana podcastimdeki en iyi derecelendirme alan rock şarkıları göster,play_podcasts,play_podcasts,play_podcasts,True
11335,tüm slow müzik şarkılarını çal ve karıştır,play_music,play_music,play_music,True
11339,benim en çok izlenen podcast ımı oynat,play_podcasts,play_podcasts,play_podcasts,True
11340,mynet in yeni podcast i var mı,play_podcasts,social_query,social_query,False
11341,en son disney podcast'ini bul,play_podcasts,play_podcasts,play_podcasts,True
11343,murat meriç'in bir sonraki bölümüne geç,play_podcasts,play_podcasts,play_podcasts,True
11345,podcastte sonraki bölümü aç,play_podcasts,play_podcasts,play_podcasts,True
11349,olly geçen gece başladığım podcast ı başlat,play_podcasts,play_podcasts,play_podcasts,True
11353,bana podcastleri göster,play_podcasts,play_podcasts,play_podcasts,True
11361,ebru gündeş podcasti onu çal,play_podcasts,play_podcasts,play_podcasts,True
11366,podcastte önceki bölüme geri dön,play_podcasts,play_podcasts,play_podcasts,True
11368,bana ahmet in podcast ını çal,play_podcasts,play_podcasts,play_podcasts,True
11376,podcast dinlemek istiyorum,play_podcasts,play_podcasts,play_podcasts,True
11384,lütfen internetteki podcast dosyamı indirip bir kez oynatabilir misin,play_podcasts,play_podcasts,play_podcasts,True
11409,sıradaki podcast bölümüne atla,play_podcasts,play_podcasts,play_podcasts,True
11417,sıradaki bölüm ü başlat,play_podcasts,play_podcasts,play_podcasts,True
11418,mesut sürenin en son podcast ını çal,play_podcasts,play_podcasts,play_podcasts,True
11420,benim en yeni podcast ımı çalmaya başla,play_podcasts,play_podcasts,play_podcasts,True
11423,otuz saniye geri git,play_podcasts,audio_volume_up,audio_volume_up,False
11424,enes batur,play_podcasts,qa_factoid,qa_factoid,False
11426,en çok görüntülenen liste,lists_query,lists_query,lists_query,True
11427,rabarba başlat,play_podcasts,play_audiobook,play_audiobook,False
11437,lütfen benim için podcast çal,play_podcasts,play_podcasts,play_podcasts,True
11438,podcastin bir sonraki bölümüne git lütfen,play_podcasts,play_podcasts,play_podcasts,True
11442,lütfen en son mesut süre podcast ını çal,play_podcasts,play_podcasts,play_podcasts,True
11451,en son selda podcast ını dinlemek istiyorum,play_podcasts,play_podcasts,play_podcasts,True
11453,n. f. l. üzerinden podcastleri başlat,play_podcasts,play_podcasts,play_podcasts,True
11455,bir sonraki bölüme git,play_podcasts,play_podcasts,play_podcasts,True
11458,bir sonraki podcast bölümüne devam et,play_podcasts,play_podcasts,play_podcasts,True
11459,bu podcast ta son bölüme geri git,play_podcasts,play_podcasts,play_podcasts,True
11460,spor podcasti dinlemek istiyorum,play_podcasts,play_podcasts,play_podcasts,True
11467,yarım elma nın en son podcastini çal,play_podcasts,play_podcasts,play_podcasts,True
11470,benim en sevdiğim podcasti çal lütfen,play_podcasts,play_podcasts,play_podcasts,True
11474,podcast serisi ne devam et,play_podcasts,play_podcasts,play_podcasts,True
11476,önceki podcasti çal,play_podcasts,play_podcasts,play_podcasts,True
11483,ringcast oynamaya başla,play_podcasts,play_game,play_game,False
11490,podcastteki sonraki programı çal,play_podcasts,play_podcasts,play_podcasts,True
11502,sonraki düğmesi,play_podcasts,play_podcasts,play_podcasts,True
11505,benim en son çaldığım podcastimi yeniden oynat,play_podcasts,play_podcasts,play_podcasts,True
11514,olly podcastin tekrarını dinleyebilir miyiz,play_podcasts,play_podcasts,play_podcasts,True
11515,hadi podcast te onuncu yıl marşı nı dinleyelim,play_podcasts,play_podcasts,play_podcasts,True
11525,bir sonraki uygun podcasti görmek istiyorum,play_podcasts,play_podcasts,play_podcasts,True
11529,hey listeden benim favori podcastimi çal,play_podcasts,play_podcasts,play_podcasts,True
11536,çalma listesine favoriler podcasti ekle ve başla,play_podcasts,play_podcasts,play_podcasts,True
11539,bir sonraki podcasti başlat,play_podcasts,play_podcasts,play_podcasts,True
11546,geçen hafta dan tüm felsefe kanalı nı çaldır,play_podcasts,play_radio,play_radio,False
11554,podcast çalmanı istiyorum,play_podcasts,play_podcasts,play_podcasts,True
11563,edirnede ne yapabilirim,recommendation_events,recommendation_locations,recommendation_locations,False
11570,şehrimde devam eden bir şeyler var mı,recommendation_events,recommendation_events,recommendation_events,True
11582,eskişehir civarında caz gösterimi yapan hiçbir yer var mı,recommendation_events,recommendation_events,recommendation_events,True
11585,istanbuldaki kültürel etkinlikler,recommendation_events,recommendation_events,recommendation_events,True
11598,memleketimde olan köpek gösterisi etkinliklerini bana bildir lütfen,recommendation_events,recommendation_events,recommendation_events,True
11600,mersinde sinemada bu gece hangi filmi izleyebilirim,recommendation_events,recommendation_movies,recommendation_movies,False
11607,bu civardaki tiyatroların listesini ver,recommendation_locations,recommendation_movies,recommendation_movies,False
11610,bana şu anda şehirde devam eden sirk gösterilerinin listesini ver,recommendation_events,recommendation_events,recommendation_events,True
11612,afyon 'da hangi silah gösterisi var,recommendation_events,recommendation_events,recommendation_events,True
11616,bu akşam şehir merkezinde bir etkinlik var mı,recommendation_events,recommendation_events,recommendation_events,True
11628,kartal'da eczane nerede,recommendation_locations,recommendation_locations,recommendation_locations,True
11633,bugün sinemada hangi filmler gösteriliyor,recommendation_movies,recommendation_movies,recommendation_movies,True
11634,ben bugün hangi filmi seyredeyim,recommendation_movies,general_quirky,general_quirky,False
11636,çevrede hangi filmler vizyonda,recommendation_movies,recommendation_movies,recommendation_movies,True
11643,yakında gerçekleşecek etkinlikler hangileri,recommendation_events,recommendation_events,recommendation_events,True
11644,antalya 'da bana etkinlikler göster,recommendation_events,recommendation_events,recommendation_events,True
11650,hem genç sürücüler ve hem de geçici sürücüler diğer sürücülerden daha çok kaza yaparlar çünkü henüz güvenli sürüş için ihtiyaçları olan yeterli deneyim birikimine sahip değillerdir araştırmalar göstermiştir ki sürücü deneyimi trafik kazalarını azaltmada en önemli faktördür ve genç sürücüler için en güvenli zaman öğrenme sırasında gözetim altında oldukları zamandır,recommendation_events,general_quirky,general_quirky,False
11664,olly bir bar arıyorum iyi bir tane biliyor musun,recommendation_locations,recommendation_locations,recommendation_locations,True
11665,olly birkaç defile arıyorum bir kaç kilometre yakında giyim mağazaları bulabilir misin,recommendation_locations,recommendation_locations,recommendation_locations,True
11677,bana amazon restoranlarını bul,recommendation_locations,recommendation_locations,recommendation_locations,True
11678,yerel bölgedeki en iyi puanlı barları bilmek istiyorum,recommendation_locations,recommendation_locations,recommendation_locations,True
11681,lütfen bana yakında olan maratonları göster,recommendation_events,recommendation_events,recommendation_events,True
11685,bölgemizde gerçekleşen etkinlikler hakkında beni bilgilendirirsen sevinirim,recommendation_events,recommendation_events,recommendation_events,True
11695,hiç aksiyon filmi önerin var mı,recommendation_movies,recommendation_movies,recommendation_movies,True
11700,bana en yakın konumdaki kebapçının yorumlarını göster,recommendation_locations,social_query,social_query,False
11705,istanbul boğazı'nda bana resim sergisi göster,recommendation_events,recommendation_events,recommendation_events,True
11706,bu civarda hangi mağazalar var,recommendation_locations,recommendation_locations,recommendation_locations,True
11720,yüzme,recommendation_events,play_music,play_music,False
11733,yeni film dabbe nasıl,recommendation_movies,recommendation_movies,recommendation_movies,True
11744,bu hafta sonu açılan hangi yeni drama filmleri var,recommendation_movies,recommendation_movies,recommendation_movies,True
11751,on mil içinde dükkanlar neler,recommendation_locations,recommendation_locations,recommendation_locations,True
11764,cisco sistemi,recommendation_movies,qa_definition,qa_definition,False
11767,olly bu hafta sonu sakaryada hangi etkinlikler yapılıyor,recommendation_events,recommendation_events,recommendation_events,True
11770,bu hafta sonu muş'ta etkinlik var mı,recommendation_events,recommendation_events,recommendation_events,True
11773,altın kelebek adayı bir film bul,recommendation_movies,recommendation_movies,recommendation_movies,True
11778,yakınımdaki en iyi şarap tatma barı nerededir,recommendation_locations,recommendation_locations,recommendation_locations,True
11782,bu haftasonu yakınlarda herhangi bir özel etkinlik var mı,recommendation_events,recommendation_events,recommendation_events,True
11796,barlar sokağına yakın en uygun fiyatlı içecekler hangi barda,recommendation_locations,recommendation_locations,recommendation_locations,True
11798,kütüphanedeki bir sonraki etkinlik ne,recommendation_events,calendar_query,calendar_query,False
11802,buralarda hiç iyi pizzacı var mı,recommendation_locations,recommendation_locations,recommendation_locations,True
11812,bu gece hangi filmler oynuyor,recommendation_movies,recommendation_movies,recommendation_movies,True
11825,kadın kıyafetleri için izmirde alışveriş merkezi arayın,recommendation_locations,recommendation_locations,recommendation_locations,True
11827,bu gece nereye gidebilirim,recommendation_events,recommendation_events,recommendation_events,True
11839,çevremde neler oluyor,recommendation_events,recommendation_events,recommendation_events,True
11841,bu bölgede herhangi bir el sanatları fuarı var mı,recommendation_events,recommendation_locations,recommendation_locations,False
11844,körfez bölgesinde ilginç bir şeyler oluyor mu,recommendation_events,recommendation_events,recommendation_events,True
11845,olly karataşta olan heyecanlı etkinlikleri bana bildir,recommendation_events,recommendation_events,recommendation_events,True
11858,iyi yorum almış filmler,recommendation_movies,general_quirky,general_quirky,False
11860,bana yerel etkinlikleri söyle,recommendation_events,recommendation_events,recommendation_events,True
11861,yeni çıkmış filmlerden hangisi en yüksek puana sahip,recommendation_movies,recommendation_movies,recommendation_movies,True
11862,bana bir film tavsiye et,recommendation_movies,recommendation_movies,recommendation_movies,True
11867,mersin 'de yarın bir spor etkinliği var mı,recommendation_events,recommendation_events,recommendation_events,True
11871,benim bölgemde oynayan bir film öner,recommendation_movies,recommendation_movies,recommendation_movies,True
11875,civarda yemek festivali var mı,recommendation_events,recommendation_events,recommendation_events,True
11903,yerel mağazalar ara,recommendation_locations,recommendation_locations,recommendation_locations,True
11904,bu haftasonu burada neler oluyor,recommendation_events,recommendation_events,recommendation_events,True
11905,olly bana bu hafta sonu olduğum yerdeki aktivitelerden bahset,recommendation_events,calendar_query,calendar_query,False
11911,bu hafta sonu bu bölgede yapılan herhangi güzel bir şey,recommendation_events,recommendation_events,recommendation_events,True
11914,olly bir içeceğe ihtiyacım var,iot_coffee,weather_query,weather_query,False
11915,bana içecek lazım,iot_coffee,lists_createoradd,lists_createoradd,False
11916,yakındaki tema parkları nelerdir,recommendation_events,recommendation_locations,recommendation_locations,False
11920,bu hafta hangi filmler çıkıyor,recommendation_movies,recommendation_movies,recommendation_movies,True
11922,lütfen şu an açık olan yerel restoranlara bak,recommendation_locations,recommendation_locations,recommendation_locations,True
11932,bugün ben ne seyredeyim,recommendation_movies,general_quirky,general_quirky,False
11942,bana yakın olan bir mobilyacı bulabilir misin,recommendation_locations,recommendation_locations,recommendation_locations,True
11947,yakınımdaki restoranlar nelerdir,recommendation_locations,recommendation_locations,recommendation_locations,True
11953,en yakın koçtaş nerede,recommendation_locations,recommendation_locations,recommendation_locations,True
11954,benim bölgemde tiyatro nerede,recommendation_locations,recommendation_locations,recommendation_locations,True
11959,yakınlardaki dükkanlar hangileri söyle,recommendation_locations,recommendation_locations,recommendation_locations,True
11969,civarda olan özel bir şeyler var mı,recommendation_events,recommendation_events,recommendation_events,True
11987,bana yakın filmleri ara,recommendation_movies,recommendation_movies,recommendation_movies,True
11990,sinemalarda kötü olmayan bir film,recommendation_movies,recommendation_movies,recommendation_movies,True
11999,bugün şehrimdeki tüm etkinlikleri bildir bana,recommendation_events,recommendation_events,recommendation_events,True
12004,lütfen bana yakınımdaki en iyi giyim mağazalarını listele,recommendation_locations,recommendation_locations,recommendation_locations,True
12008,izmir'de bugün eğlenceli bir etkinlik var mı,recommendation_events,recommendation_events,recommendation_events,True
12019,yakınlarda glutensiz fırın bul,recommendation_locations,recommendation_locations,recommendation_locations,True
12020,bana beş kilometre içerisinde hangi kıyafet dükkanları olduğunu söyle,recommendation_locations,recommendation_locations,recommendation_locations,True
12051,bir hediye bulmalıyım birkaç kilometre çapında hangi mağazalar var,recommendation_locations,recommendation_locations,recommendation_locations,True
12054,kent etrafında neler oluyor,recommendation_events,recommendation_events,recommendation_events,True
12066,hangi dükkanlar bana yakın,recommendation_locations,recommendation_locations,recommendation_locations,True
12070,piazza alış veriş merkezi ne zaman açılıyor,recommendation_events,recommendation_locations,recommendation_locations,False
12073,yerel güncel olaylar öner,recommendation_events,recommendation_events,recommendation_events,True
12098,bana yakındaki müzik etkinliklerini göster,recommendation_events,recommendation_events,recommendation_events,True
12104,recep ivedik üç,recommendation_movies,qa_factoid,qa_factoid,False
12121,yarım saat sonra ataköy 'e bir taksi ayarla,transport_taxi,transport_taxi,transport_taxi,True
12127,pazar günü sabah saat beşte trenle aksaray'a gitmem gerekiyor,transport_ticket,transport_ticket,transport_ticket,True
12150,olly bana bu hafta sonu paris 'e eurostar 'dan bir bilet ayırt,transport_ticket,transport_ticket,transport_ticket,True
12159,benim için bir uber rezerve edebilir misin,transport_taxi,transport_taxi,transport_taxi,True
12160,bana yarın uber tutabilir misin,transport_taxi,transport_taxi,transport_taxi,True
12161,ben ofise gitmek için çıktıktan sonra bir uber rezervasyonu yapar mısın,transport_taxi,transport_taxi,transport_taxi,True
12162,bir tren bileti ayırtır mısın,transport_ticket,transport_ticket,transport_ticket,True
12166,istanbul'dan ankara'ya tren biletimi ayırt,transport_ticket,transport_ticket,transport_ticket,True
12182,on dokuzuncu caddede trafik koşulları nasıl,transport_traffic,transport_traffic,transport_traffic,True
12189,bilet için tren istasyonuna nasıl gidebilirim,transport_query,transport_query,transport_query,True
12212,havaalanı na taksi çağır,transport_taxi,transport_taxi,transport_taxi,True
12213,buraya havaalanına bir taksi getir,transport_taxi,transport_taxi,transport_taxi,True
12233,google ankara 'ya tren saatleri,transport_ticket,transport_query,transport_query,False
12235,lütfen bu hafta sonu için bir tren bileti al,transport_ticket,transport_ticket,transport_ticket,True
12240,benim ev seyahatim için saat beş de trafik nasıl,transport_query,transport_traffic,transport_traffic,False
12244,birde sinemaya gitmek için bir taksi ayarla,transport_taxi,transport_taxi,transport_taxi,True
12245,istanbul 'dan ankara yönüne bir sonraki tren ne zaman,transport_query,transport_query,transport_query,True
12248,olly en yakın bir uber bul,transport_taxi,transport_taxi,transport_taxi,True
12251,bana söke için yerel tren zamanını söyle,transport_query,transport_query,transport_query,True
12252,sefaköy'e giden trenler ne zaman kalkıyor,transport_query,transport_query,transport_query,True
12254,bana şehir trafiğini bildir,transport_traffic,transport_traffic,transport_traffic,True
12256,atatürk parkı yolu yakınlarında şu anda trafik nasıl,transport_traffic,transport_traffic,transport_traffic,True
12261,önümüzde ki çarşamba veya perşembe eskişehire giden bir tren için seçeneklerin neler olduğunu söyle,transport_query,transport_query,transport_query,True
12263,ankara,transport_query,qa_factoid,qa_factoid,False
12264,istanbul,transport_query,qa_factoid,qa_factoid,False
12281,ankaradan eskişehire bir tren bileti ayırt lütfen,transport_ticket,transport_ticket,transport_ticket,True
12289,benim istikametimde trafik sıkışık mı,transport_traffic,transport_traffic,transport_traffic,True
12291,edirne bileti,transport_ticket,transport_ticket,transport_ticket,True
12293,izmir'e bilet,transport_ticket,transport_ticket,transport_ticket,True
12294,bana büyükşehir opera binasına giden tren tarifelerini göster,transport_query,transport_query,transport_query,True
12299,bana bir taksi çağır olly,transport_taxi,transport_taxi,transport_taxi,True
12306,antalya 'ya bir sonraki tren için birinci sınıf bir bilet ayırt,transport_ticket,transport_ticket,transport_ticket,True
12308,bana bir tren bileti ayırt,transport_ticket,transport_ticket,transport_ticket,True
12310,bana istanbul kars arası uygun tren biletlerinin listesini ver,transport_query,transport_ticket,transport_ticket,False
12329,sarı taksi çağır,transport_taxi,transport_taxi,transport_taxi,True
12339,bu salı sabah dokuz için bana tek yön tren bileti ayırt,transport_ticket,transport_ticket,transport_ticket,True
12340,bu cuma için iki kişilik tren bileti ayırtabilir misin lütfen,transport_ticket,transport_ticket,transport_ticket,True
12343,balıkesir istasyonundan salı günü için on bin sekiz yüz seksen yedi treni saatleri nelerdir,transport_query,transport_query,transport_query,True
12354,bana tren zamanlarını söyle,transport_query,transport_query,transport_query,True
12366,londradan parise bağlantı treni var mı ve saat kaçta,transport_query,transport_query,transport_query,True
12367,söke ye en iyi yol hangisi,transport_query,transport_query,transport_query,True
12376,kartal a ilk metro saat kaçta,transport_query,transport_query,transport_query,True
12377,bana uber çağır,transport_taxi,transport_taxi,transport_taxi,True
12381,aydından izmire bir tren bileti al,transport_ticket,transport_ticket,transport_ticket,True
12383,rezerve etmek için bir taksi bul,transport_taxi,transport_taxi,transport_taxi,True
12392,bana bugünkü yolu tarif et,transport_query,transport_query,transport_query,True
12402,şehri gezen bir sonraki tren buradan ne zaman kalkıyor,transport_query,transport_query,transport_query,True
12409,en yakın benzin istasyonu nerede,recommendation_locations,recommendation_locations,recommendation_locations,True
12413,mevcut trafik durumu nedir,transport_traffic,transport_traffic,transport_traffic,True
12419,üsküdar lisesi için en hızlı rota,transport_query,transport_query,transport_query,True
12430,bana aydın a tren varış saatini bildir bana,transport_query,transport_query,transport_query,True
12436,havalimanına gitmek ne kadar sürer,transport_query,transport_query,transport_query,True
12437,tiyatroya gidiş zamanı nedir,transport_query,transport_query,transport_query,True
12442,çarşı otoyolunda trafik durumu nedir,transport_traffic,transport_traffic,transport_traffic,True
12446,aydın a giden bir tren için bana tüm saatleri verebilir misin,transport_query,transport_query,transport_query,True
12452,beni havaalanına uberle götür,transport_taxi,transport_taxi,transport_taxi,True
12453,en hesaplı tren rezervasyonu yap,transport_ticket,transport_ticket,transport_ticket,True
12468,aydın a bir tren bileti bul,transport_ticket,transport_ticket,transport_ticket,True
12469,aydına tren bileti satın al,transport_ticket,transport_ticket,transport_ticket,True
12473,buradan eve nasıl gidebilirim,transport_query,transport_query,transport_query,True
12511,seyahat tren bileti ayırt,transport_ticket,transport_ticket,transport_ticket,True
12526,starbucks için en hızlı yol hangisi,transport_query,transport_query,transport_query,True
12532,oraya doğru git,transport_query,transport_query,transport_query,True
12536,bana ankara'ya bir tren bileti ayırtın lütfen,transport_ticket,transport_ticket,transport_ticket,True
12537,bana ispanyaya giden en ucuz tren biletini bul,transport_ticket,transport_ticket,transport_ticket,True
12548,ev için bir araç lazım bana,transport_taxi,transport_taxi,transport_taxi,True
12553,bana lokasyona giden bir taksi ayarla,transport_taxi,transport_taxi,transport_taxi,True
12558,lütfen bana uber'den bir taksi ayırt,transport_taxi,transport_taxi,transport_taxi,True
12581,bugün tarsus treni kaçta kalkıyor,transport_query,transport_query,transport_query,True
12582,ilk metro sabah saat kaçta geliyor,transport_query,transport_query,transport_query,True
12604,internetten nasıl tren bileti alırım,transport_query,transport_ticket,transport_ticket,False
12606,eskişehir'den kütahya'ya bir tren bileti almalıyım,transport_ticket,transport_ticket,transport_ticket,True
12607,adana'dan istanbul'a aktarmalı tren biletine ihtiyacım var,transport_ticket,transport_ticket,transport_ticket,True
12608,pazartesi öğle için bir taksi alma programla,transport_taxi,transport_taxi,transport_taxi,True
12618,adana'ya gidiş dönüş tren bileti ne kadar,transport_query,transport_query,transport_query,True
12623,üsküdar ist için tren saatleri var mı,transport_query,transport_query,transport_query,True
12629,şikagodan ilk tren ne zaman kalkıyor,transport_query,transport_query,transport_query,True
12634,aydın için bir sonraki tren ne zaman,transport_query,transport_query,transport_query,True
12672,şehirde trafik nasıl,transport_traffic,transport_traffic,transport_traffic,True
12675,trafik az mı,transport_traffic,transport_traffic,transport_traffic,True
12685,trafik şu anda nasıl,transport_traffic,transport_traffic,transport_traffic,True
12689,bugün sabah saat sekiz için istanbul haydarpaşa ya bir tren bileti ayırt,transport_ticket,transport_ticket,transport_ticket,True
12693,iş yerine benim her zamanki istikametimde trafik nasıl,transport_traffic,transport_traffic,transport_traffic,True
12707,yol tarifi ara,transport_query,transport_query,transport_query,True
12710,taksi çağır,transport_taxi,transport_taxi,transport_taxi,True
12716,bana macide için bir taksi ara,transport_taxi,transport_taxi,transport_taxi,True
12717,trafik şu an nasıl,transport_traffic,transport_traffic,transport_traffic,True
12722,boston'a tren bileti al,transport_ticket,transport_ticket,transport_ticket,True
12723,bana aydın bileti al,transport_ticket,transport_ticket,transport_ticket,True
12724,bana aydın'a bir tren bileti bul,transport_ticket,transport_ticket,transport_ticket,True
12736,yol tafiği,transport_traffic,transport_ticket,transport_ticket,False
12745,beni şimdi alması için bir uber ayarla,transport_taxi,transport_taxi,transport_taxi,True
12759,bursa'ya sürüş zamanı,transport_query,transport_query,transport_query,True
12779,en yakın taksiyi ayırt,transport_taxi,transport_taxi,transport_taxi,True
12789,bana trafik durumunu söyleyebilir misin,transport_traffic,transport_traffic,transport_traffic,True
12797,benim bulunduğum yerden konuma tren saatleri,transport_query,transport_query,transport_query,True
12800,halk kütüphanesi nerede,transport_query,qa_factoid,qa_factoid,False
12802,aydın a bir tren bileti ayırt,transport_ticket,transport_ticket,transport_ticket,True
12813,manisadan doğu ekspresi için tren bileti ayırt lütfen,transport_ticket,transport_ticket,transport_ticket,True
12814,lütfen salı günü için antalya 'dan ısparta 'ya bir bilet ayırt,transport_ticket,transport_ticket,transport_ticket,True
12817,alışveriş merkezine nasıl gidebilirim,transport_query,transport_query,transport_query,True
12818,kastamonu 'ya tren bileti ne kadar,transport_query,transport_query,transport_query,True
12824,ny için tren saatlerini listele,transport_query,transport_query,transport_query,True
12835,bu yere tren saat kaçta kalkıyor,transport_query,transport_query,transport_query,True
12838,trafik şu an nasıl,transport_traffic,transport_traffic,transport_traffic,True
12839,beni eskişehir porsuk çayına götür,transport_query,iot_coffee,iot_coffee,False
12844,ofise gitmek için bana bir taksi ayırtır mısın,transport_taxi,transport_taxi,transport_taxi,True
12846,lütfen yarın sabah kayseri 'den kars 'a bir tren bileti ayırt,transport_ticket,transport_ticket,transport_ticket,True
12851,evime gidebileceğim yolları göster,transport_query,transport_query,transport_query,True
12856,yol tarifi lütfen,transport_query,transport_query,transport_query,True
12866,doğu ekspresinin zamanlaması nedir,transport_query,transport_query,transport_query,True
12869,trafik raporu,transport_traffic,transport_traffic,transport_traffic,True
12873,tren bileti,transport_ticket,transport_ticket,transport_ticket,True
12874,tren bileti lütfen,transport_ticket,transport_ticket,transport_ticket,True
12883,yirmi altıncı hafta sonu urfa'dan los angeles'a tren bileti ayırt,transport_ticket,transport_ticket,transport_ticket,True
12905,sabah dokuzda bir taksi rezerve et lütfen,transport_taxi,transport_taxi,transport_taxi,True
12908,tren eskişehir'e ne zaman varıyor,transport_query,transport_query,transport_query,True
12930,yakınımdaki mağazalar için haritaya bak,transport_query,recommendation_locations,recommendation_locations,False
12932,olly bağdat caddesi için yol tarifine ihtiyacım var,transport_query,transport_query,transport_query,True
12951,dünyanın en yüksek binası hangisidir,qa_factoid,qa_factoid,qa_factoid,True
12957,incelikleyi tanımla,qa_definition,qa_definition,qa_definition,True
12961,lütfen adliyi tanımla,qa_definition,qa_definition,qa_definition,True
12963,adlinin tanımı nedir,qa_definition,qa_definition,qa_definition,True
12972,dünyanın en yüksek zirvesi hangisidir,qa_factoid,qa_factoid,qa_factoid,True
12982,türbülans ne demek,qa_definition,qa_definition,qa_definition,True
12986,kaprislinin tanımına bak,qa_definition,qa_definition,qa_definition,True
12987,konuşma şeklime göre duygularımı takip edebilir misin,general_quirky,music_likeness,music_likeness,False
12999,nükhet duru kaç yaşında,qa_factoid,qa_factoid,qa_factoid,True
13016,gafın tanımına bak,qa_definition,qa_definition,qa_definition,True
13023,bana tarifleri göster,cooking_recipe,cooking_recipe,cooking_recipe,True
13031,en yakın pizzacı nedir,recommendation_locations,recommendation_locations,recommendation_locations,True
13035,iki yüz bölü on nedir,qa_maths,qa_maths,qa_maths,True
13040,dokuzun karekökü nedir,qa_maths,qa_maths,qa_maths,True
13043,mahalle pastanesinden tatlı patates turtası istiyorum,lists_createoradd,takeaway_order,takeaway_order,False
13044,cumartesi gecesi konseri için satılan biletleri görmek istiyorum,general_quirky,calendar_query,calendar_query,False
13064,anlayacağım dilde bana kuantum fiziğini izah et,general_quirky,qa_definition,qa_definition,False
13067,benim için bir şekersiz diyet ve malzemeler için de bir alışveriş listesi oluşturabilir misin,general_quirky,lists_createoradd,lists_createoradd,False
13069,portakalın tanımları nelerdir,qa_definition,qa_definition,qa_definition,True
13074,şafak sezer neden komik değil,qa_factoid,general_quirky,general_quirky,False
13077,murat bozun doğum günü nedir,qa_factoid,qa_factoid,qa_factoid,True
13078,bana haluk bilginerin adresini söyle,qa_factoid,qa_factoid,qa_factoid,True
13083,arabayı sür ve arkadaşlarımı getir,general_quirky,calendar_set,calendar_set,False
13099,britanyanın şu anki başbakanı kim,qa_factoid,qa_factoid,qa_factoid,True
13101,bir artı bir nedir,qa_maths,qa_maths,qa_maths,True
13102,bir artı bir kaç eder,qa_maths,qa_maths,qa_maths,True
13115,nijeryanın başkenti neresidir,qa_factoid,qa_factoid,qa_factoid,True
13122,on faktöriyel kaçtır,qa_maths,qa_maths,qa_maths,True
13124,evren ne kadar büyüktür,qa_factoid,general_quirky,general_quirky,False
13135,kıvanç tatlıtuğun doğum tarihi ne zaman,qa_factoid,qa_factoid,qa_factoid,True
13140,bana kasırga hakkında her şeyi anlat,qa_definition,qa_factoid,qa_factoid,False
13150,benle karım için özel bir şeyler pişirir misin,general_quirky,cooking_recipe,cooking_recipe,False
13154,ayşe yılmazın telefon numarasını biliyor musun,qa_factoid,email_querycontact,email_querycontact,False
13165,salınım ne demek,qa_definition,qa_definition,qa_definition,True
13166,salınım yapmayı hecele ve tanımla,qa_definition,qa_definition,qa_definition,True
13172,iki ile ikinin çarpımını hesapla,qa_maths,qa_maths,qa_maths,True
13175,ünlüleri bilgileriyle ara,general_quirky,qa_factoid,qa_factoid,False
13177,kilo almamak için hareket etmemi hatırlat,calendar_set,calendar_set,calendar_set,True
13178,vakit geçmeden altı ay içinde görüşmediğim eski arkadaşlarımla iletişime geçmemi hatırlat,calendar_set,calendar_set,calendar_set,True
13181,bulunduğum yerde yeni çıkan bir film için tüm sinema fiyatlarını ve müsaitlik durumunu kontrol et,recommendation_movies,recommendation_movies,recommendation_movies,True
13186,annemle konuşmam gerek,general_quirky,calendar_set,calendar_set,False
13188,delhi deki meclis seçimlerinin sonuçları nasıl çıkacak söyle bana,news_query,news_query,news_query,True
13192,altı yüz yirmi beşin kökü nedir,qa_maths,qa_maths,qa_maths,True
13197,keşke bana tavsiye verebilse,general_quirky,general_quirky,general_quirky,True
13199,matematik biliyor musun,qa_maths,general_quirky,general_quirky,False
13206,konum,qa_definition,qa_factoid,qa_factoid,False
13215,benim şehir merkezindeki işime trafiğe takılmadan gidilecek en hızlı yol hangisi,transport_query,transport_traffic,transport_traffic,False
13221,ceyda düvenci güzel görünmek için neler yapıyor,general_quirky,qa_factoid,qa_factoid,False
13222,sibel can çocuklarının kıyafetlerini nereden alıyor,general_quirky,qa_factoid,qa_factoid,False
13223,hülya avşar neden bu kadar genç görünüyor,general_quirky,qa_factoid,qa_factoid,False
13242,en iyi çikolatalı kurabiye tarifi ne,general_quirky,cooking_recipe,cooking_recipe,False
13252,namık kemalin ilk romanının adı neydi,qa_factoid,qa_factoid,qa_factoid,True
13255,lütfen bana alparslan türkeş hakkında bilgi verin,qa_factoid,qa_factoid,qa_factoid,True
13283,bill gates ne kadar para kazandı,qa_factoid,qa_factoid,qa_factoid,True
13288,müebbet kelimesinin anlamı nedir,qa_definition,qa_definition,qa_definition,True
13297,kim ünlüdür,qa_factoid,qa_factoid,qa_factoid,True
13298,ünlüler ne yapar,qa_factoid,qa_factoid,qa_factoid,True
13303,benim için akşam yemeği hazırlar mısın,general_quirky,cooking_recipe,cooking_recipe,False
13310,iki artı iki nedir,qa_maths,qa_maths,qa_maths,True
13312,alexa benim bu ay için on dolarım var bu ay her gün ne kadar harcamam gerekiyor,qa_maths,general_quirky,general_quirky,False
13318,yakınımdaki hangi süpermarketin glutensiz ekmekte en iyi fiyata sahip olduğunu bilmek istiyorum,recommendation_locations,recommendation_locations,recommendation_locations,True
13330,ispermeçet balinası ne kadar büyüktür,qa_factoid,qa_factoid,qa_factoid,True
13340,wolfram alpha nın yaptığı gibi araştırma sonuçlarından çıkan cevapları kompüte etmek istiyorum,general_quirky,qa_factoid,qa_factoid,False
13341,tercihlerimi hatırlamasını ve sorduğumda bana bir şeyler önermesini istiyorum,general_quirky,calendar_set,calendar_set,False
13342,bu ay ne sıklıkta yemek yediğim gibi benim için yaptığın şeyler hakkında istatistikler söylemeni istiyorum,general_quirky,general_quirky,general_quirky,True
13346,sadece çen çen,general_quirky,play_audiobook,play_audiobook,False
13348,sana toplu iğne başında kaç meleğin dans edebileceğini sormak istiyorum,general_quirky,general_quirky,general_quirky,True
13359,on iki artı yüz doksan altı kaç eder,qa_maths,qa_maths,qa_maths,True
13361,dakikliğin tanımı nedir,qa_definition,qa_definition,qa_definition,True
13363,kıyamet ne zaman kopacak,general_quirky,weather_query,weather_query,False
13370,dört ve altı sayılarının toplamı kaç,qa_maths,qa_maths,qa_maths,True
13372,hokey maçları bu akşam kaçta,general_quirky,calendar_query,calendar_query,False
13383,kaç eyalette idam var,qa_factoid,qa_factoid,qa_factoid,True
13391,kırk doların yüzde onu kaç lira,qa_maths,qa_maths,qa_maths,True
13400,tüm arkadaşlarıma komik bir mesaj gönder,social_post,social_post,social_post,True
13404,yarın hangi mağazada indirim var,general_quirky,recommendation_locations,recommendation_locations,False
13407,kemik erimesine ne sebep oluyor,general_quirky,qa_factoid,qa_factoid,False
13411,bana bu sorunun cevabını göster iki yüz kırk altı artı altı yüz elli dört,qa_maths,qa_maths,qa_maths,True
13412,dört artı beş nedir,qa_maths,qa_maths,qa_maths,True
13439,halide edip adıvar kaç yaşında,qa_factoid,qa_factoid,qa_factoid,True
13451,ben evde yokken robotumun köpeğimi beslemesini ve okşamasını istiyorum,general_quirky,general_quirky,general_quirky,True
13457,bana zamanlanmış bir etkinliğe ne zaman gitmem gerektiğini söyle böylece zamanında gelebileyim,calendar_set,calendar_set,calendar_set,True
13459,on iki bölü dört kaç eder,qa_maths,qa_maths,qa_maths,True
13460,on sekiz üssü otuz birin kaç olduğunu söyle,qa_maths,qa_maths,qa_maths,True
13464,neden buradayız,general_quirky,general_quirky,general_quirky,True
13467,hukuk danışmanlığı verebilseydin harika olurdu,general_quirky,general_quirky,general_quirky,True
13473,a. b. d. ne zaman özgürlüğe kavuştu,qa_factoid,qa_factoid,qa_factoid,True
13486,tüm son komutlarımın listesini bana gösterir misin,general_quirky,lists_query,lists_query,False
13487,olly kaliforniyanın başkenti neresidir,qa_factoid,qa_factoid,qa_factoid,True
13491,bu hafta sonu kazanan piyango sayılarını ver lütfen,general_quirky,news_query,news_query,False
13494,motivasyonun tanımını ver,qa_definition,qa_definition,qa_definition,True
13506,bana saati söyler misin,datetime_query,datetime_query,datetime_query,True
13513,köpeğin kaç bacağı vardır,qa_factoid,general_quirky,general_quirky,False
13516,balinalar neden büyük,qa_factoid,qa_factoid,qa_factoid,True
13521,dünya niye yuvarlak,general_quirky,qa_factoid,qa_factoid,False
13524,onun fikirleri analiz etmesine katkıda bulunacağım,general_quirky,general_quirky,general_quirky,True
13536,netflix izyleytakılmak ister misin,general_quirky,play_radio,play_radio,False
13546,özcan deniz en son hangi filmdeydi,qa_factoid,qa_factoid,qa_factoid,True
13547,cem yılmaz dün gece nerede görüldü,general_quirky,qa_factoid,qa_factoid,False
13548,senden t. v.' yi açmanı istiyorum,iot_wemo_on,play_radio,play_radio,False
13552,altı bölü iki kaç eder,qa_maths,qa_maths,qa_maths,True
13554,mehmet günsürün boyu ne kadar uzun,qa_factoid,qa_factoid,qa_factoid,True
13567,döviz çevirici lütfen,qa_currency,qa_currency,qa_currency,True
13575,en son akademi ödüllü film ne zamandı,qa_factoid,qa_factoid,qa_factoid,True
13580,ağrı dağı ne kadar yüksek,qa_factoid,qa_factoid,qa_factoid,True
13591,hatayın başkenti neresidir,qa_factoid,qa_factoid,qa_factoid,True
13592,türkiye haritada nerededir,qa_factoid,qa_factoid,qa_factoid,True
13604,cem boynerin doğduğu yeri söyle,qa_factoid,qa_factoid,qa_factoid,True
13607,kıvançın evli olup olmadığını teyit edebilir misin,qa_factoid,general_quirky,general_quirky,False
13616,çoğu ünlü nerede takılıyor,qa_factoid,qa_factoid,qa_factoid,True
13618,bugün cemiyetime yardımcı olmak için neler yapabileceğimi söyle,general_quirky,general_quirky,general_quirky,True
13619,bugün bölgemde ücretsiz etkinlik var mı,recommendation_events,recommendation_events,recommendation_events,True
13625,en büyük çalışma masası hangisi,qa_definition,general_quirky,general_quirky,False
13630,bulunduğum yere en yakın hayvanat bahçesi hangisi,recommendation_locations,recommendation_locations,recommendation_locations,True
13636,cüneyt arkının doğum günü ne,qa_factoid,qa_factoid,qa_factoid,True
13639,geçen hafta turkcell hisse senedi değerindeki artış nedir,qa_stock,qa_stock,qa_stock,True
13666,şu anda poundun değeri nedir,qa_currency,qa_currency,qa_currency,True
13679,bir ineğin kaç midesi olduğunu söyler misin,qa_factoid,qa_factoid,qa_factoid,True
13681,haluk bilginer kaç oyunda yer aldı,qa_factoid,qa_factoid,qa_factoid,True
13683,ali ağaoğlu hangi marka saç spreyi kullanıyor,qa_factoid,qa_factoid,qa_factoid,True
13684,dolar ın türk lirası karşısında kur fiyatı ne,qa_currency,qa_currency,qa_currency,True
13685,dolar arttı mı,qa_currency,qa_currency,qa_currency,True
13688,çinde en güncel döviz kuru nedir,qa_currency,qa_currency,qa_currency,True
13689,sandalye nedir,qa_definition,qa_definition,qa_definition,True
13690,sandalyeler ne renk,qa_factoid,qa_factoid,qa_factoid,True
13693,başlangıç ​​meridyeni nerededir,qa_factoid,datetime_query,datetime_query,False
13694,kişinin biyografisi,general_quirky,qa_factoid,qa_factoid,False
13705,elektronik emisyon sistemi nedir,qa_definition,qa_definition,qa_definition,True
13706,bir rotoru tarif et,qa_definition,qa_definition,qa_definition,True
13714,mango nedir,qa_definition,qa_definition,qa_definition,True
13717,rusyayı gerçekten alaska dan görebiliyor musun,qa_factoid,qa_factoid,qa_factoid,True
13722,amerikan doları ve japon yeni için günlük döviz kuru bilgilerini listele,qa_currency,qa_currency,qa_currency,True
13734,boyner hissesi kaça gidiyor,qa_stock,qa_stock,qa_stock,True
13738,amerika birleşik devletleri ve çin arasındaki döviz kurları ne kadar,qa_currency,qa_currency,qa_currency,True
13740,çin için döviz kuru nedir,qa_currency,qa_currency,qa_currency,True
13741,türkiye için döviz takas oranları nedir,qa_currency,qa_currency,qa_currency,True
13744,lütfen cam üfleme ile ilgili vikipedi makalesini getir,general_quirky,qa_factoid,qa_factoid,False
13754,bana avrasya petrolün şu anki hisse fiyatını söyle,qa_stock,qa_stock,qa_stock,True
13758,nükhet duru kaç yaşında,qa_factoid,qa_factoid,qa_factoid,True
13761,parsek nedir,qa_factoid,qa_definition,qa_definition,False
13762,kartal kalkar dal sarkar dal sarkar kartal kalkar,general_quirky,play_music,play_music,False
13766,iki kere iki,qa_maths,qa_maths,qa_maths,True
13774,muğla nın aydın a uzaklığı ne kadar,qa_factoid,qa_factoid,qa_factoid,True
13777,bir kredi kartını tarif edebilir misin,qa_definition,qa_definition,qa_definition,True
13780,ibrahim kutluay evli mi,qa_factoid,qa_factoid,qa_factoid,True
13796,meksika ile birleşik devletler arasındaki döviz kuru nedir,qa_currency,qa_currency,qa_currency,True
13798,dünyada ortalama bir ülke kaç kilometre karedir,qa_factoid,qa_factoid,qa_factoid,True
13799,boyun eğdirenin tanımı nedir,qa_definition,qa_definition,qa_definition,True
13819,bugün dow jonesa ne oldu,qa_stock,qa_stock,qa_stock,True
13823,güneş ne ​​kadar uzaklıkta,qa_factoid,qa_factoid,qa_factoid,True
13847,tl döviz karşılığı nedir,qa_currency,qa_currency,qa_currency,True
13853,dünyada en çok volkan olan yer neresidir,qa_factoid,qa_factoid,qa_factoid,True
13854,zeki müren ne zaman öldü,qa_factoid,qa_factoid,qa_factoid,True
13855,tarkan'ın en popüler şarkıları hangileridir,music_query,qa_factoid,qa_factoid,False
13858,bana şu anda apple hisse senetlerini listele,qa_stock,qa_stock,qa_stock,True
13863,mantığın tanımı nedir,qa_definition,qa_definition,qa_definition,True
13867,uludağ millî parkı nerede,qa_factoid,qa_factoid,qa_factoid,True
13869,lütfen ağrı dağı ile ilgili bilgi ve lokasyon google la,qa_factoid,qa_factoid,qa_factoid,True
13871,mutlu bir doğum gününü nasıl tarif edersin,qa_definition,general_quirky,general_quirky,False
13881,lütfen bana zeki müren hakkında bilgi verin,qa_factoid,qa_factoid,qa_factoid,True
13888,antakya hatayda sıcaklık nedir,qa_factoid,weather_query,weather_query,False
13895,bana hakan şükürden bahseder misin,qa_factoid,qa_factoid,qa_factoid,True
13896,dolar dan euro ya,qa_currency,qa_currency,qa_currency,True
13900,yaşamın tanımı,qa_definition,qa_definition,qa_definition,True
13907,şaşkına dönmüşün tanımını yap,qa_definition,qa_definition,qa_definition,True
13908,şaşırmışın ne demek olduğunu söyler misin,qa_definition,qa_definition,qa_definition,True
13926,orhan pamukun doğum günü ne zaman,qa_factoid,qa_factoid,qa_factoid,True
13927,lebron james in değeri ne,qa_factoid,qa_stock,qa_stock,False
13929,şimdi bana kar olan bir yer söyle,general_quirky,qa_factoid,qa_factoid,False
13934,genel olarak borsa nasıl gidiyor,qa_stock,qa_stock,qa_stock,True
13966,yenin değeri ne kadar,qa_currency,qa_stock,qa_stock,False
13974,laos nerededir,qa_factoid,qa_factoid,qa_factoid,True
13982,şu andaki dolar kuru,qa_currency,qa_currency,qa_currency,True
13983,acı sonuçlar,qa_definition,news_query,news_query,False
13984,eylemlerin sonuçları,qa_definition,general_quirky,general_quirky,False
13986,en iyi model araba,general_quirky,general_quirky,general_quirky,True
13997,ortalama bir ev ne kadardır,qa_factoid,qa_factoid,qa_factoid,True
14000,tembel hayvanı tarif et,qa_definition,general_quirky,general_quirky,False
14001,tembel hayvanlar hakkında bildiğin her şeyi söyle,qa_factoid,general_quirky,general_quirky,False
14011,nazan öncelin doğum günü nedir,qa_factoid,qa_factoid,qa_factoid,True
14015,ekvatorun koordinatları nelerdir,qa_factoid,qa_factoid,qa_factoid,True
14023,cehennemi tarif et,qa_definition,qa_definition,qa_definition,True
14025,bir artı iki eşittir,qa_maths,qa_maths,qa_maths,True
14026,bir kalem dört dolar ve bir kitap on dolarsa iki kalem ve üç kitap alırsam ne kadar öderim,qa_maths,qa_maths,qa_maths,True
14029,amerikan doları ve avro döviz kuru nedir,qa_currency,qa_currency,qa_currency,True
14033,bana ecevitin ne zaman doğduğunu söyle,qa_factoid,qa_factoid,qa_factoid,True
14038,moldovanın yeri nerede,qa_factoid,qa_factoid,qa_factoid,True
14040,hulk hogan ne kadar uzun,qa_factoid,qa_factoid,qa_factoid,True
14044,bu bölgedeki döviz kurları nedir,qa_currency,qa_currency,qa_currency,True
14053,mehmet ali alabora hangi yılda oyunculuğa başladı,qa_factoid,qa_factoid,qa_factoid,True
14063,zeki mürenin doğum günü ne zamandı,qa_factoid,qa_factoid,qa_factoid,True
14071,dün ne giydiğimi söyle,general_quirky,general_quirky,general_quirky,True
14074,bir dolar kaç hint rupisine eşittir,qa_currency,qa_currency,qa_currency,True
14083,cüneyt arkın şu an nerede yaşıyor,qa_factoid,qa_factoid,qa_factoid,True
14090,netaş güncel hisse senedi oranı,qa_stock,qa_stock,qa_stock,True
14096,toros dağları nerede,qa_factoid,qa_factoid,qa_factoid,True
14101,hadise neler yapıyor,general_quirky,qa_factoid,qa_factoid,False
14115,kaya kumu ile ilgili bilgiler ver,qa_definition,qa_factoid,qa_factoid,False
14116,kaya kumunu tarif et,qa_definition,qa_definition,qa_definition,True
14117,piramitler nerede bulunur,qa_factoid,qa_factoid,qa_factoid,True
14118,piramitler in coğrafi detaylarını göster,qa_factoid,qa_factoid,qa_factoid,True
14126,hadisenin biyografisini göster,qa_factoid,qa_factoid,qa_factoid,True
14130,turkcellin güncel fiyatı nedir,qa_stock,qa_stock,qa_stock,True
14138,lütfen bana silindirin tanımının ne olduğunu söyle,qa_definition,qa_definition,qa_definition,True
14142,ingiliz sterlini ne kadar,qa_currency,qa_currency,qa_currency,True
14147,battaniyeyi tanımla,qa_definition,qa_definition,qa_definition,True
14150,converse ayakkabı nedir,qa_definition,qa_definition,qa_definition,True
14151,ne tür güneş gözlükleri pilot gözlüğü olarak kabul edilir,qa_factoid,qa_factoid,qa_factoid,True
14154,afrika bilgileri,qa_factoid,qa_factoid,qa_factoid,True
14163,konumu ara,qa_factoid,transport_query,transport_query,False
14169,şeyma subaşı üniversiteye nerede gitti,qa_factoid,qa_factoid,qa_factoid,True
14170,şeyma subaşı converse giyiyor mu,qa_factoid,qa_factoid,qa_factoid,True
14179,kanada şu an bulunduğum konumdan ne kadar uzaklıkta,qa_factoid,qa_factoid,qa_factoid,True
14189,turkcell hisse fiyatı ne kadar,qa_stock,qa_stock,qa_stock,True
14190,bugünlerde turkcell hisseleri ne kadar,qa_stock,qa_stock,qa_stock,True
14214,aynısı için seyahat yollarını bul,transport_query,transport_query,transport_query,True
14223,üç kere dördün cevabı,qa_maths,qa_maths,qa_maths,True
14228,bir abd doları kanada da ne kadar,qa_currency,qa_currency,qa_currency,True
14229,aslı enver hangi filmlerde rol aldı,qa_factoid,qa_factoid,qa_factoid,True
14239,amerikan doları sterlin karşısında ne kadar,qa_currency,qa_currency,qa_currency,True
14241,euro nun amerikan doları karşısında değer,qa_currency,qa_currency,qa_currency,True
14243,kişi hakkında detaylar,qa_factoid,general_quirky,general_quirky,False
14246,bazalt nasıl alınır,general_quirky,qa_factoid,qa_factoid,False
14253,migros hisseleri ne kadar,qa_stock,qa_stock,qa_stock,True
14268,dokuz artı ikiyi yapabilir misin,qa_maths,qa_maths,qa_maths,True
14272,hey kitap nedir,qa_definition,qa_definition,qa_definition,True
14283,bana ankaradan bahset,qa_factoid,qa_definition,qa_definition,False
14304,pezo ve yen arasındaki oran nedir,qa_currency,qa_maths,qa_maths,False
14306,hindistanın coğrafi konumunu açıkla,qa_factoid,qa_factoid,qa_factoid,True
14308,leonardo dicaprionun mal varlığı nedir,qa_factoid,qa_factoid,qa_factoid,True
14315,bu olay tarihteki en önemsiz mi yoksa en önemli bir durum mu,general_quirky,calendar_query,calendar_query,False
14316,hatay ne kadar büyüklükte,qa_factoid,qa_factoid,qa_factoid,True
14317,amerika birleşik devletlerinin büyüklüğü nedir,qa_factoid,qa_factoid,qa_factoid,True
14323,ejder meyvesi hangi renk,qa_factoid,qa_factoid,qa_factoid,True
14330,ali ağaoğlu nerede doğdu,qa_factoid,qa_factoid,qa_factoid,True
14339,çin e karşı hindistan ile ilgili bana ekonomi ve g.d.p bilgisi ver,general_quirky,qa_factoid,qa_factoid,False
14342,akbank hisse senedi fiyatı ne kadar,qa_stock,qa_stock,qa_stock,True
14347,hipotez nedir,qa_definition,qa_definition,qa_definition,True
14348,google insanoğlunun temel ihtiyaçları nelerdir,general_quirky,qa_factoid,qa_factoid,False
14354,kainat a cevap ne,qa_factoid,email_sendemail,email_sendemail,False
14355,sally deniz kenarında kaç tane deniz kabuğu sattı,qa_factoid,qa_factoid,qa_factoid,True
14356,sanırım bir günde tüm dünyayı dolaşabilirim,general_quirky,general_quirky,general_quirky,True
14367,dördüncü dünya savaşı çıkacak mı,general_quirky,general_quirky,general_quirky,True
14368,yirmi yıl sonra dünya nüfusu ne kadar olacak,general_quirky,qa_factoid,qa_factoid,False
14370,bana ünlünün mesleğini söyle,qa_factoid,qa_factoid,qa_factoid,True
14378,hızın tanımı,qa_definition,qa_definition,qa_definition,True
14382,empire state binası ne kadar büyüklükte,qa_factoid,qa_factoid,qa_factoid,True
14395,dünyanın en derin noktası neresidir,qa_factoid,qa_factoid,qa_factoid,True
14406,motorolanın hisse senedi fiyat detaylarını ver,qa_stock,qa_stock,qa_stock,True
14412,yeni futbol oyun kurallarını tanımla,general_quirky,qa_definition,qa_definition,False
14414,bilgisayar hard disk tanımı yap,qa_definition,qa_definition,qa_definition,True
14417,kıtamıza hangi okyanus bitişiktir,qa_factoid,qa_factoid,qa_factoid,True
14418,obama günlük hayatında neler yapıyor,general_quirky,qa_factoid,qa_factoid,False
14419,meryem bu sene yeni bir film çekecek mi,qa_factoid,recommendation_movies,recommendation_movies,False
14429,kaftan nedir,qa_definition,qa_definition,qa_definition,True
14437,amerikan doları için pound döviz kurunu bul,qa_currency,qa_currency,qa_currency,True
14440,meksikanın başkenti neresidir,qa_factoid,qa_factoid,qa_factoid,True
14442,fiji nerede,qa_factoid,qa_factoid,qa_factoid,True
14444,şener şenin ilk filmi neydi,qa_factoid,qa_factoid,qa_factoid,True
14449,tülin şahinin yeni bir bebeği mi var,qa_factoid,news_query,news_query,False
14453,dolar ile avronun döviz kuru,qa_currency,qa_currency,qa_currency,True
14457,rota bul,qa_factoid,transport_query,transport_query,False
14461,google pixelin özellikleri,general_quirky,qa_definition,qa_definition,False
14465,disney lande yol tarifi,transport_query,transport_query,transport_query,True
14473,hisse fiyatlarını adlarıyla aç,qa_stock,qa_stock,qa_stock,True
14475,hisse senedi fiyatı bilgisi,qa_stock,qa_stock,qa_stock,True
14481,güneşe gidebilir miyiz,general_quirky,weather_query,weather_query,False
14490,atatürk kültür merkezi ne zaman inşa edildi,qa_factoid,qa_factoid,qa_factoid,True
14498,akıllı telefonun tanımını ver,qa_definition,qa_definition,qa_definition,True
14504,olly ismet inönü kaç görüşmeye girdi,qa_factoid,qa_factoid,qa_factoid,True
14505,rusyanın şu anki başbakanı kim,qa_factoid,qa_factoid,qa_factoid,True
14508,lütfen en sonki george r. r. martin ice and fire kitabını özetle,qa_factoid,qa_factoid,qa_factoid,True
14509,ismet inönü nerede doğdu,qa_factoid,qa_factoid,qa_factoid,True
14526,doların fiyatı nedir,qa_currency,qa_currency,qa_currency,True
14530,ingiliz sterlini abd doları karşısında istediğim orana gelince beni uyar,qa_currency,qa_currency,qa_currency,True
14539,bu yerin coğrafik detaylarını bul,qa_factoid,qa_factoid,qa_factoid,True
14544,lütfen microsoftun nasdaqdaki hisse fiyatını bul,qa_stock,qa_stock,qa_stock,True
14545,bana türkiyenin yerini söyle,qa_factoid,qa_factoid,qa_factoid,True
14549,hande yener konser programı hakkında bir liste yapın,lists_createoradd,lists_createoradd,lists_createoradd,True
14553,küresel ısanma gerçek mi değil mi söyle,general_quirky,weather_query,weather_query,False
14555,bu şirket hissesinin hisse fiyatları çıktığında veya indiğinde bana bildir,qa_stock,qa_stock,qa_stock,True
14564,türkiye nin diğer ülkelerden ne kadar da daha iyi olduğunu anlat,general_quirky,general_quirky,general_quirky,True
14567,dünyadaki en büyük aktif yanardağ hangisidir,qa_factoid,qa_factoid,qa_factoid,True
14585,japonya dan güney kore ye seyahat ne kadar sürecek,qa_factoid,transport_query,transport_query,False
14591,bana televizyon devresinin tanımını ver,qa_definition,qa_definition,qa_definition,True
14592,bana akıllı telefon devresinin tanımını yap,qa_definition,qa_definition,qa_definition,True
14597,nevşehirin nüfusu ne kadar,qa_factoid,qa_factoid,qa_factoid,True
14599,döviz oranları,qa_currency,qa_currency,qa_currency,True
14601,abraham lincoln kaç yıl boyunca amerika birleşik devletleri başkanıydı,qa_factoid,qa_factoid,qa_factoid,True
14605,gülşen bubikoğlu tarık akandan ne zaman ayrıldı,qa_factoid,qa_factoid,qa_factoid,True
14608,beren saat hangi yeni filmin üzerinde çalışıyor,qa_factoid,recommendation_movies,recommendation_movies,False
14615,iki yüzü dörde böl,qa_maths,qa_maths,qa_maths,True
14620,yabancı çeviri kurları,qa_currency,qa_currency,qa_currency,True
14622,kürenin ne olduğunu açıkla,qa_definition,qa_definition,qa_definition,True
14644,hisse senedi fiyatı,qa_stock,qa_stock,qa_stock,True
14646,bugün new jersey için en ucuz uçak biletlerini göster,transport_ticket,transport_ticket,transport_ticket,True
14648,tarif lütfen,cooking_recipe,cooking_recipe,cooking_recipe,True
14653,rusyanın nüfusu nedir,qa_factoid,qa_factoid,qa_factoid,True
14658,euro ve doların döviz kuru nedir,qa_currency,qa_currency,qa_currency,True
14661,ahmet davutoğlunun doğum yılı kaç,qa_factoid,qa_factoid,qa_factoid,True
14668,xy öğesini tanımla,qa_definition,qa_definition,qa_definition,True
14673,amazon ormanındaki hayvanlar aleminden bahseder misin,general_quirky,qa_factoid,qa_factoid,False
14683,mehmet ali alaboranın hobileri nelerdir,qa_factoid,qa_factoid,qa_factoid,True
14684,rusya başbakanı kim,qa_factoid,qa_factoid,qa_factoid,True
14690,ok google başkan ne demek,qa_definition,qa_definition,qa_definition,True
14700,kompozit diş dolgusu tam olarak ne anlama geliyor,qa_definition,qa_definition,qa_definition,True
14701,heartstone kâğıt oyununu tanımla,qa_definition,qa_definition,qa_definition,True
14705,okey google nesrin cavadzade nerede yaşıyor,qa_factoid,qa_factoid,qa_factoid,True
14706,hülya avşar nerede yaşıyor,qa_factoid,qa_factoid,qa_factoid,True
14742,şu an euro abd doları kuru ne,qa_currency,qa_currency,qa_currency,True
14746,kazakistanın başkenti neresidir,qa_factoid,qa_factoid,qa_factoid,True
14757,yetmiş altıyı ikiye böl,qa_maths,qa_maths,qa_maths,True
14761,bana papalık kelimesinin tanımını ver,qa_definition,qa_definition,qa_definition,True
14762,euro karşısında dolar döviz oranları,qa_currency,qa_currency,qa_currency,True
14763,avro ile karşılaştırıldığında doların değeri ne kadar,qa_currency,qa_currency,qa_currency,True
14767,bir topu nasıl tanımlarsın,qa_definition,qa_definition,qa_definition,True
14770,bana dünyanın en büyük okyanusunu söyle,qa_factoid,qa_factoid,qa_factoid,True
14787,roma ve gregoryen takvimi arasındaki farklar nelerdir,qa_factoid,qa_factoid,qa_factoid,True
14791,sandalye neyden yapılmış,qa_factoid,qa_factoid,qa_factoid,True
14792,bana yakın bir yürüyüş yolu nerededir,recommendation_locations,recommendation_locations,recommendation_locations,True
14794,mirkelamın favori arabası nedir,qa_factoid,qa_factoid,qa_factoid,True
14817,zor kelimesi uygun şekilde sıralandı,general_quirky,qa_factoid,qa_factoid,False
14820,daha fazla hisse fiyatı,qa_stock,qa_stock,qa_stock,True
14822,insanlarla kıyaslamak,qa_factoid,general_quirky,general_quirky,False
14838,nötr yoğunluk filteri nedir ve ben gradyanlı olanı mı katı olanı mı isterim ayrıca stil olarak vidalanabilir olan mı yoksa kare olan mı daha iyi,qa_factoid,qa_factoid,qa_factoid,True
14857,bana fahiş kelimesinin anlamını açıklar mısın lütfen,qa_definition,qa_definition,qa_definition,True
14859,bir ingiliz sterlini ile döviz kuru nedir,qa_currency,qa_currency,qa_currency,True
14874,eti gıda için hisse senedi fiyatını kontrol et,qa_stock,qa_stock,qa_stock,True
14877,o bölgedeki iklim koşulları nelerdir,qa_factoid,qa_factoid,qa_factoid,True
14879,anlamı,qa_definition,qa_definition,qa_definition,True
14884,tüm amerikada en az kasırga olan eyalet nedir,qa_factoid,qa_factoid,qa_factoid,True
14889,lütfen o nesneyi benim için tarif et,qa_definition,qa_definition,qa_definition,True
14891,bu kişi hangi alanda üstün,qa_factoid,qa_factoid,qa_factoid,True
14904,hisseler yükseldi mi azaldı mı,qa_stock,qa_stock,qa_stock,True
14912,cumhurbaşkanı inönü nerede doğmuştur,qa_factoid,qa_factoid,qa_factoid,True
14917,mazhar alansonun yeni albümü ne zaman çıkacak,qa_factoid,qa_factoid,qa_factoid,True
14919,alcatel hisseleri geçen hafta nasıldı,qa_stock,qa_stock,qa_stock,True
14925,migros hissesinin fiyatı arttı mı azaldı mı,qa_stock,qa_stock,qa_stock,True
14926,beko hisse senedi satın almak ne kadara mal olur,qa_stock,qa_stock,qa_stock,True
14928,bana dirhem e karşı bir rupi nin takas döviz oranını bildir,qa_currency,qa_currency,qa_currency,True
14933,bana hindistanın coğrafyası hakkında bilgiyi ver,qa_factoid,qa_factoid,qa_factoid,True
14939,cüneyt arkın hakkında bazı ayrıntılara ihtiyacım var lütfen yardım et,qa_factoid,qa_factoid,qa_factoid,True
14958,bak,general_quirky,general_quirky,general_quirky,True
14963,internet lütfen,general_quirky,news_query,news_query,False
14967,kadınları nasıl anlarım,general_quirky,general_quirky,general_quirky,True
14973,hint rupisi ne karşı mevcut abd doları döviz takas oranı nedir,qa_currency,qa_currency,qa_currency,True
14981,iphone yedi açıklama,qa_definition,qa_definition,qa_definition,True
14994,şener şenin bundan sonraki filmi ne,qa_factoid,recommendation_movies,recommendation_movies,False
14995,durum ne demek,qa_definition,qa_definition,qa_definition,True
15010,ingilterede bir amerikan doları ne kadar,qa_currency,qa_currency,qa_currency,True
15020,cüneyt arkın kaç yaşında,qa_factoid,qa_factoid,qa_factoid,True
15032,bir dolar kaç pound eder,qa_currency,qa_currency,qa_currency,True
15039,olly toros dağları nerede başlar,qa_factoid,qa_factoid,qa_factoid,True
15055,hangi kutup daha soğuk güney mi kuzey mi,qa_factoid,qa_factoid,qa_factoid,True
15056,banu alkanın yeni erkek arkadaşı kaç yaşında,qa_factoid,qa_factoid,qa_factoid,True
15062,banu alkan hakkında bilgi lütfen,qa_factoid,qa_factoid,qa_factoid,True
15075,olly ilk amerikalılar nereye yerleşti,qa_factoid,qa_factoid,qa_factoid,True
15092,samsung t. v. ile ilgili tanım bul,qa_definition,qa_definition,qa_definition,True
15094,mersin içelde yaşayan insan sayısına bak,qa_factoid,qa_factoid,qa_factoid,True
15095,alanya hangi bölgededir,qa_factoid,qa_factoid,qa_factoid,True
15109,siri lütfen döviz kurlarını kontrol et,qa_currency,qa_currency,qa_currency,True
15113,bu yerin jeolojisi nedir,general_quirky,qa_factoid,qa_factoid,False
15124,bir dolara kaç avro alabilirim,qa_currency,qa_currency,qa_currency,True
15127,hoparlörü tanımla,qa_definition,qa_definition,qa_definition,True
15133,teknosa nasıl gidiyor,qa_stock,news_query,news_query,False
15137,helikopter ol,general_quirky,general_quirky,general_quirky,True
15138,sosyal ağlarımı kontrol et,social_query,social_query,social_query,True
15155,en son selfimi facebook hesabıma yükler misin,social_post,social_post,social_post,True
15166,işimi twitter da yayınla,social_post,social_post,social_post,True
15177,lütfen bu paylaşımı twitterda tekrar paylaş,social_post,social_post,social_post,True
15181,yeni arkadaşlık isteğim var mı,social_query,email_querycontact,email_querycontact,False
15185,doğum günü dilekleri,social_post,general_quirky,general_quirky,False
15186,düğün dilekleri,social_post,calendar_set,calendar_set,False
15187,arkadaş gönderisinde paylaş,social_post,social_post,social_post,True
15197,japonya ziyaretimi twitter da yayınla,social_post,social_post,social_post,True
15199,ne oluyor,social_query,news_query,news_query,False
15200,bana facebooktaki en güncel gelişmeleri göster,social_query,social_query,social_query,True
15203,yeni güncellemeler,social_query,news_query,news_query,False
15205,bana her üç saatte bir facebook güncellememi ver,social_query,social_query,social_query,True
15208,merhaba facebooktaki herkes diye paylaşım yap,social_post,social_post,social_post,True
15213,şimdi trend ne,news_query,news_query,news_query,True
15214,bugün ne haberler var,news_query,news_query,news_query,True
15216,benim için bir şeyler tweetle,social_post,social_post,social_post,True
15225,bana en son bildirimleri göster,social_query,news_query,news_query,False
15229,facebook'ta arkadaşım mert'ten gönderi var mı,social_query,social_query,social_query,True
15231,goa fotoğraf gezim instagramda yayınla,social_post,social_post,social_post,True
15249,az önce paylaştığım fotoğrafımı beğenen var mı,social_query,social_query,social_query,True
15271,bunu facebook'uma postala,social_post,social_post,social_post,True
15274,lütfen sosyal medyamı tara ve bana neler olduğunu söyle,social_query,social_query,social_query,True
15275,facebook da mutlu olduğumu paylaş,social_post,social_post,social_post,True
15276,facebookta güzel havanın tadını çıkardığımı söyleyen yeni bir durum paylaş,social_post,social_post,social_post,True
15280,facebook,social_query,social_query,social_query,True
15289,mesajı şimdi paylaş,social_post,social_post,social_post,True
15296,bana akışımdan yeni paylaşım oku,social_query,social_query,social_query,True
15298,olly sıcak sosyal medya konuları neler,social_query,social_query,social_query,True
15304,bugün twitter'da beni takip eden oldu mu,social_query,social_query,social_query,True
15305,herhangi bir sosyal medya bildirimim varmı,calendar_query,social_query,social_query,False
15311,bana facebookta neler olduğunu söyle,social_query,social_query,social_query,True
15318,herkese doğum günü dilekleri için teşekkür etmek istiyorum,social_post,general_quirky,general_quirky,False
15321,durumuma yorum yapan var mı,social_query,social_post,social_post,False
15326,lütfen facebook akışımı oku,social_query,social_query,social_query,True
15333,insta'da yeni bir şeyler var mı,social_query,social_query,social_query,True
15337,bu videoyu facebook'a postala,social_post,social_post,social_post,True
15345,lütfen twitterda hakkında en çok konuşulan konuları kontrol et,social_query,social_query,social_query,True
15348,kim şu anda facebook canlı yayın yapıyor,social_query,social_query,social_query,True
15350,metro'dan memnun değilim lütfen bana yardım eder misin,social_post,transport_traffic,transport_traffic,False
15358,olly iphoneum çalışmıyor diye applea tweet at,social_post,social_post,social_post,True
15359,apple a iphoneumun pilinin her zaman bittiği tweeti aç,social_post,social_post,social_post,True
15364,amazona bu yeni telefon kılıfının çöp olduğunu söyler misin,social_post,social_post,social_post,True
15382,samsung ile iletişime geçip çamaşır makinemin yandığını söyleyebilir misin,social_post,social_post,social_post,True
15387,şu anki konumumu tweetle,social_post,social_post,social_post,True
15399,ağla ilgili sorunlar için vodafona bir şikayet ilet,social_post,social_post,social_post,True
15401,twitter'ı aç mesaj at,social_post,social_post,social_post,True
15402,ürünün berbat olduğunu tweet at,social_post,social_post,social_post,True
15409,twitter aç şikayetimi yaz ve tüketici hizmetlerine gönder,social_post,social_post,social_post,True
15413,bana en kısa zamanda bir kişi bul,social_post,general_quirky,general_quirky,False
15444,şirket adına iki başparmak aşağı,social_post,general_quirky,general_quirky,False
15445,bana instagram'da neler oluyor söyle,social_query,social_query,social_query,True
15448,sonynin ses sorunları hakkında bir tweet gönder,social_post,social_post,social_post,True
15454,atlas globale tweet at ve bagajımı kaybettikleri için kızgınım de,social_post,social_post,social_post,True
15456,pegasus'a bir tweet göndermek istiyorum çantamı kaybettiğiniz için kızgınım,social_post,social_post,social_post,True
15457,burgerimle ilgili bir sorunum var burger kinge tweet atabilirmisin,social_post,social_post,social_post,True
15459,twitter şikayeti gönder,social_post,social_post,social_post,True
15464,ürünü zamanında teslim almadım lcwaikikiye bu konuda tweet at,social_post,social_post,social_post,True
15467,arçelike onlardan nefret ettiğimi söyle,social_post,social_post,social_post,True
15472,online kitapçı için bir şikayet tweeti at,social_post,social_post,social_post,True
15487,mağazalarının temizliği hakkında nazar'a tweet at,social_post,social_post,social_post,True
15488,lütfen pizzahut'a tweet at şu an teslimatımı bekliyorum numara mutsuzum,social_post,social_post,social_post,True
15503,tüketici hizmetlerine yeni tweet,social_post,social_post,social_post,True
15508,siri twitterı aç ve potusa berbat olduğu tweetini at,social_post,social_post,social_post,True
15511,bana en son sosyal medya etkinliğimi göster,social_query,social_query,social_query,True
15513,sosyal medyada herhangi önemli bir şey oluyor mu,social_query,social_query,social_query,True
15518,tweet ile otokoça şikayet gönder,social_post,social_post,social_post,True
15532,olly şahin kuruyemişe tweetle ve onlara müşteri hizmetlerinin korkunç olduğunu söyle,social_post,social_post,social_post,True
15546,papa johns'a soğuk pizza hakkında tweet at,social_post,social_post,social_post,True
15548,samsung'a mobil şikayet tweet'i at,social_post,social_post,social_post,True
15553,lütfen daikin servisine olumsuz yanıt tweeti,social_post,social_post,social_post,True
15554,geciken hizmetleri için lütfen dell servisine tweet at,social_post,social_post,social_post,True
15556,bir şikayet tweet'leyelim,social_post,social_post,social_post,True
15557,bir şikayet ile ilgili tweet atman gerekiyor,social_post,social_post,social_post,True
15560,facebooka yaz acıktım,social_post,social_post,social_post,True
15561,lütfen konuyla ilgilen,general_quirky,news_query,news_query,False
15563,sorunu ortadan kaldır,general_quirky,general_quirky,general_quirky,True
15565,deltaya onları bir daha asla kullanmayacağımı söyler misin,social_post,general_quirky,general_quirky,False
15587,galeriyi aç resim ismini paylaş,social_post,social_post,social_post,True
15592,superonline a bir şikayet tweeti at,social_post,social_post,social_post,True
15593,arçeliğe şikayet tweeti at,social_post,social_post,social_post,True
15598,şirket ismini aç ve şikayetler bul,social_post,social_post,social_post,True
15610,şu tweet'i gönder a. b. c. şirketi'nden memnun değilim benim hesabımın takipleri çok kötü,social_post,social_post,social_post,True
15618,şişecam'a tweet at ve berbat olduklarını söyle,social_post,social_post,social_post,True
15626,lütfen kötü müşteri hizmetleri için denizcasta şikayet tweeti at,social_post,social_post,social_post,True
15634,ok google benzin istasyonu sahibinin pislik olduğunu tweet'le,social_post,social_post,social_post,True
15635,mcdonald'sın kötü bir servisi olduğu hakkında tweet at,social_post,social_post,social_post,True
15647,şikayet tweeti at,social_post,social_post,social_post,True
15651,tüketici hizmetlerine rapor gönder,social_post,social_post,social_post,True
15652,tüketici servisini şikayet etmeme yardım et,social_post,social_post,social_post,True
15655,google müşteri hizmetlerine tweet at yeni nexus telefonum çalışmayı durdurdu yardım lütfen,social_post,social_post,social_post,True
15656,getire hala teslimatım için beklediğimi söyleyen bir mesaj tweet at,social_post,social_post,social_post,True
15661,benim edevlet de twitter a en son girişimi postla,social_post,social_post,social_post,True
15670,bir şikayet tweeti gönder,social_post,social_post,social_post,True
15672,apple'a geçen hafta onarım için gönderdiğim iphone'un alınmaması hakkında tweet at,social_post,social_post,social_post,True
15676,lütfen sıralı kebapa hizmetlerine ilişkin şikayeti tweet olarak ekle,social_post,social_post,social_post,True
15686,merhaba birinden aldığım ürün bozuldu,social_post,social_post,social_post,True
15693,çikolata paketinde böcek olduğuna dair tweet at,social_post,social_post,social_post,True
15700,son pazarda süresi dolmuş ürünler,social_post,takeaway_order,takeaway_order,False
15703,defacto ya boyutlarının çok hızlı tükendiğini tweet at,social_post,social_post,social_post,True
15706,oraya tweet at,social_post,social_post,social_post,True
15707,hadi bir tweet atalım,social_post,social_post,social_post,True
15708,hizmet a hakkında şikayette bulun,social_post,social_post,social_post,True
15721,mcdonalds hakkında iğrenmiş yüz suratı tweet'i at,social_post,social_post,social_post,True
15723,facebookta mutlu olma durumunu ayarla,social_post,social_post,social_post,True
15731,olly türk telekoma bir mesaj tweet at ve servisimin neden kötü olduğunu sor,social_post,social_post,social_post,True
15732,samsunga tweet at ve ürünleriyle insanları öldürmeyi bırakmalarını söyle,social_post,social_post,social_post,True
15736,bir şirket hakkında olumsuz bir değerlendirme yükle,social_post,social_post,social_post,True
15747,bu kişinin e-postasını ekle,email_addcontact,email_addcontact,email_addcontact,True
15756,lütfen takımıma e-posta at,email_sendemail,email_sendemail,email_sendemail,True
15763,lütfen yeni e-postaları kontrol et,email_query,email_query,email_query,True
15765,pawel'ın e-postasına cevap ver,email_sendemail,email_sendemail,email_sendemail,True
15777,bana yeni e-postalarım olup olmadığını söyle,email_query,email_query,email_query,True
15785,posta kutumda yeni bir şey var mı,email_query,email_query,email_query,True
15789,olly hiç yeni emailler im var mı,email_query,email_query,email_query,True
15792,bugün kiminle buluşacağım,calendar_query,calendar_query,calendar_query,True
15794,seth nerede yaşıyor,email_querycontact,qa_factoid,qa_factoid,False
15796,chelsea'ye e-posta gönder,email_sendemail,email_sendemail,email_sendemail,True
15802,jason'a bu gece gelmeyeceğime dair bir e-postayı yanıtla,email_sendemail,email_sendemail,email_sendemail,True
15809,oğuz henüz bana e-posta göndermedi,email_query,email_query,email_query,True
15815,emilia'nın iş telefonu numarası kaç,email_querycontact,email_querycontact,email_querycontact,True
15825,babama cevap ver geç kalacağımı yaz,email_sendemail,email_sendemail,email_sendemail,True
15828,burda kişilere eklenecek yeni bir eposta adresi var,email_sendemail,email_query,email_query,False
15829,kişilere git ve yeni bir e-posta adresi gir,email_sendemail,email_sendemail,email_sendemail,True
15839,konu,email_query,play_music,play_music,False
15841,oğuz'a yeni bir e-posta oluştur,email_sendemail,email_sendemail,email_sendemail,True
15845,bu bize nasıl geldi,email_sendemail,general_quirky,general_quirky,False
15847,nasıl kredi alabiliriz,email_sendemail,general_quirky,general_quirky,False
15849,patronuma bir e-posta gönder,email_sendemail,email_sendemail,email_sendemail,True
15857,lütfen aşağıdaki e-posta adresine gönder,email_sendemail,email_sendemail,email_sendemail,True
15862,annemden gelen email kontrol et,email_query,email_query,email_query,True
15880,lütfen maillerimi kontrol et,email_query,email_query,email_query,True
15890,babamdan hiç yeni e-posta alıp almadığımı kontrol et,email_query,email_query,email_query,True
15904,yeni e-postalarımı kontrol et ve bana onların ne hakkında olduklarını söyle,email_query,email_query,email_query,True
15906,john'a teşekkür cevabı yolla,email_sendemail,email_sendemail,email_sendemail,True
15911,susan için e-posta hazırla,email_sendemail,email_sendemail,email_sendemail,True
15933,yeni maillerimde ne var,email_query,email_query,email_query,True
15942,en son e-postaları yanıtlamak için bu e-postayı gönder,email_sendemail,email_sendemail,email_sendemail,True
15946,kişilerde ali tunayı bul,email_querycontact,email_querycontact,email_querycontact,True
15948,kişileri aç ve ıclal aydını ara,email_querycontact,calendar_query,calendar_query,False
15950,john doe'dan gelen e-postayı yanıtla,email_sendemail,email_sendemail,email_sendemail,True
15957,yolda olduğumuzu bildirmek için aliyeye email gönder,email_sendemail,email_sendemail,email_sendemail,True
15963,ben kazım dan herhangi bir yeni email aldım mı,email_query,email_query,email_query,True
15966,çok önemliyse cevap gönder,email_query,email_sendemail,email_sendemail,False
15968,eğer oldukça bilindik bir yerdense önemli olarak işaretle,email_query,general_quirky,general_quirky,False
15970,annemden gelen son e-postanın konusu neydi,email_query,email_query,email_query,True
15971,işten gelen en sonki email neydi,email_query,email_query,email_query,True
15982,bana cemrenin telefon numarasını ver,email_querycontact,email_querycontact,email_querycontact,True
15983,melek'in e-posta adresi ne,email_querycontact,email_querycontact,email_querycontact,True
15987,bu emaili iletişimle birlikte ekle,email_addcontact,email_addcontact,email_addcontact,True
15994,john a bir e-posta gönder ve ona toplantı için ne zaman çalışacağını sor,email_sendemail,email_sendemail,email_sendemail,True
15995,seline bütçe toplantısı hakkında eposta gönder,email_sendemail,email_sendemail,email_sendemail,True
15998,epostalarımda isimden bir şey olup olmadığını kontrol et,email_query,email_query,email_query,True
16002,yeni email varmı diye kontrol et,email_query,email_query,email_query,True
16005,yusuf et gmail nokta koma mail gönder,email_sendemail,email_sendemail,email_sendemail,True
16010,gelen kutumda hiç yeni mesajlar olup olmadığını söyle,email_query,email_query,email_query,True
16024,cahite yarın meşgulüm diye bir eposta gönder,email_sendemail,email_sendemail,email_sendemail,True
16028,hey siri iş arkadaşına bir mail başlat,email_sendemail,email_sendemail,email_sendemail,True
16029,lütfen iş arkadaşıma yeni bir eposta oluştur,email_sendemail,email_sendemail,email_sendemail,True
16032,lütfen yarınki toplantıyla ilgili olarak selin'e bir e-posta gönderin,email_sendemail,email_sendemail,email_sendemail,True
16038,can son zamanlarda bana hiç e-posta gönderdi mi,email_query,email_query,email_query,True
16045,ismail e ofis açılış saatlerini içeren bir posta gönder,email_sendemail,email_sendemail,email_sendemail,True
16048,son emailleri göster,email_query,email_query,email_query,True
16049,aileme bir e-posta göndermek istiyorum bana yardım eder misin,email_sendemail,email_sendemail,email_sendemail,True
16050,gmail'i kontrol et,email_query,email_query,email_query,True
16052,outlook'u kontrol et,email_query,email_query,email_query,True
16056,e-postayı yanıtla,email_sendemail,email_sendemail,email_sendemail,True
16061,son on dakikada hiç e-posta aldım mı,email_query,email_query,email_query,True
16072,patronuma acil bir durum nedeniyle bugün geç kalacağımı e-posta ile gönder ve toplantıyı kaçırdığım için ondan özür dile,email_sendemail,email_sendemail,email_sendemail,True
16075,john'dan gelen son e-postayı görüntüle,email_query,email_query,email_query,True
16082,oğuz a bir eposta gönder ve ona şimdi nasıl olduğunu ve ona yardım edip edemeyeceğimi sor,email_sendemail,email_sendemail,email_sendemail,True
16089,son on dakika içinde yeni e-posta aldım mı,email_query,email_query,email_query,True
16096,amy bana hiç yeni email attı mı,email_query,email_query,email_query,True
16098,zerrin'den gelen okunmamış e-postaları kontrol et,email_query,email_query,email_query,True
16100,lütfen iş listelemesini içeren email leri kontrol et,email_query,email_query,email_query,True
16103,erkek kardeşime bir email gönder ve evlilik yıldönümü de,email_sendemail,email_sendemail,email_sendemail,True
16120,yardım sadece cemreye gönderilecek,email_sendemail,general_quirky,general_quirky,False
16131,bu yeni email kişilerime eklenmeli,email_sendemail,email_addcontact,email_addcontact,False
16145,bana en yeni e-postaları göster,email_query,email_query,email_query,True
16146,bana en son gelişmeleri ver,news_query,news_query,news_query,True
16148,nihata hızlı cevap ver bu yüzden lütfen bir mail gönder,email_sendemail,email_sendemail,email_sendemail,True
16151,bugünün postasında toplantı programını kontrol et,email_query,calendar_query,calendar_query,False
16158,bu epostayı hatırla,email_addcontact,email_sendemail,email_sendemail,False
16162,cevap gönder,email_sendemail,email_sendemail,email_sendemail,True
16163,dün bana kim e-posta attı,email_query,email_query,email_query,True
16165,cihan yanıt verdi mi,email_query,email_query,email_query,True
16166,jale'ye önümüzdeki üç hafta boyunca projelerle meşgul olacağımı söyler misin,email_sendemail,calendar_set,calendar_set,False
16168,son on beş dakika içinde herhangi bir e-posta geldi mi,email_query,email_query,email_query,True
16170,okunmamış e-postaları kontrol etmek için gelen kutusunu aç,email_query,email_query,email_query,True
16178,bugün hiç trendyol'dan posta geldi mi,email_query,email_query,email_query,True
16183,işimle ilgili epostayı kontrol et,email_query,email_query,email_query,True
16201,lütfen hasan için yeni mail yükle ve şimdi mesaj gönder,email_sendemail,email_sendemail,email_sendemail,True
16221,fatmanın epostasını aç ve ona haber vereceğimi yaz,email_sendemail,email_sendemail,email_sendemail,True
16222,bana nalan sden bahset,email_querycontact,qa_definition,qa_definition,False
16225,kişileri aç,email_addcontact,email_querycontact,email_querycontact,False
16228,bu ay tanıdığım birinin doğum günü var mı,email_querycontact,calendar_query,calendar_query,False
16229,on iki ay içinde hangi kişiyi aramadım,email_querycontact,general_quirky,general_quirky,False
16245,hazal et a ü nokta kom a eposta gönder,email_sendemail,email_sendemail,email_sendemail,True
16248,lütfen postamı kontrol et,email_query,email_query,email_query,True
16263,engin'den hiç yeni bir e-posta almış mıydım,email_query,email_query,email_query,True
16266,aileme hepinizi seviyorum diyen bir eposta yaz,email_sendemail,email_sendemail,email_sendemail,True
16271,gelen kutumu yenile ve beni yeni epostalar hakkında bilgilendir,email_query,email_query,email_query,True
16273,selin'e nasıl ulaşırım,email_querycontact,email_querycontact,email_querycontact,True
16275,yeni eposta için oylamayı başlat,email_query,email_sendemail,email_sendemail,False
16276,yeni epostalarım var mı,email_query,email_query,email_query,True
16280,lütfen aile ve arkadaş listemde olan burcuya bir eposta gönder,email_sendemail,email_sendemail,email_sendemail,True
16282,yarın için tüm randevuları iptal etmek için asistanım seline bir eposta gönder,email_sendemail,email_sendemail,email_sendemail,True
16296,anneme denizin doğum günü partisinin pazar günü olduğunu söylemek için bir email gönder,email_sendemail,email_sendemail,email_sendemail,True
16297,emreye teşekkür etmek için bir eposta gönder,email_sendemail,email_sendemail,email_sendemail,True
16314,sevime bir eposta gönder,email_sendemail,email_sendemail,email_sendemail,True
16317,azimeden yeni epostalar aldım mı,email_query,email_query,email_query,True
16318,epostaya cevap ver,email_sendemail,email_sendemail,email_sendemail,True
16320,uğur özkanın epostasını yanıtlamak istiyorum,email_sendemail,email_sendemail,email_sendemail,True
16353,sedat'tan gelen e-postaları kontrol et,email_query,email_query,email_query,True
16354,işverenimden gelen e-postaları kontrol et,email_query,email_query,email_query,True
16356,silah kontrolü konusunda tarıka eposta gönderdim mi,email_query,email_query,email_query,True
16357,tugay bana mühimmat hakkında eposta gönderdi mi,email_query,email_query,email_query,True
16361,son bir saat içinden hiç yeni epostalarım var mı,email_query,email_query,email_query,True
16373,gönderi numarasının olduğu emailler aldım mı,email_query,email_query,email_query,True
16375,barana eposta oluştur,email_sendemail,email_sendemail,email_sendemail,True
16376,alexa lütfen anneme bir eposta gönder,email_sendemail,email_sendemail,email_sendemail,True
16377,anneme şimdi bir e-posta gönder,email_sendemail,email_sendemail,email_sendemail,True
16384,hey hiç yeni maillerim var mı,email_query,email_query,email_query,True
16385,lütfen yeni epostaları oku,email_query,email_query,email_query,True
16398,lütfen epostayı cihana gönder,email_sendemail,email_sendemail,email_sendemail,True
16399,hiç yeni eposta aldım mı,email_query,email_query,email_query,True
16401,deryaya bir eposta yaz hey bugün ne yapıyorsun,email_sendemail,email_sendemail,email_sendemail,True
16402,derya'ya e-postayla bugünkü planlarını at,email_sendemail,calendar_remove,calendar_remove,False
16406,alexa eposta başlat,email_sendemail,email_sendemail,email_sendemail,True
16410,eposta oluştur,email_sendemail,email_sendemail,email_sendemail,True
16413,patronumdan bana gönderilen tüm mailleri göster,email_query,email_query,email_query,True
16419,lütfen can amcaya evet yapabilirim diye bir email gönder,email_sendemail,email_sendemail,email_sendemail,True
16427,bugün kaç yeni eposta aldım,email_query,email_query,email_query,True
16430,lütfen anne ve babaya nasıl olduklarını soran bir e-posta gönder,email_sendemail,email_sendemail,email_sendemail,True
16437,lütfen bu e-postayı arkadaşıma gönder,email_sendemail,email_sendemail,email_sendemail,True
16438,bu emailin şu an gönderilmesine ihtiyacım var,email_sendemail,email_sendemail,email_sendemail,True
16446,bu göndericiden gelen yakın zamanlı email çalışmasını kontrol et lütfen,email_query,email_query,email_query,True
16455,kişilerime yeni email ekle melis at gmail nokta com,email_addcontact,email_addcontact,email_addcontact,True
16459,newmail at gmail nokta com adresine yeni mesaj gönder,email_sendemail,email_sendemail,email_sendemail,True
16461,hiç okunmamış e-postam var mı,email_query,email_query,email_query,True
16467,q kişimden hiç yeni eposta var mı,email_query,email_query,email_query,True
16470,lütfen bu epostayı kişilerime ekle,email_addcontact,email_addcontact,email_addcontact,True
16471,veliden gelen epostaları kontrol et,email_query,email_query,email_query,True
16496,tekrar epostası gönder,email_sendemail,email_sendemail,email_sendemail,True
16501,lütfen arkadaşım deryaya mail at nasılsın,email_sendemail,email_sendemail,email_sendemail,True
16506,yeni eposta adresi ekle ve eposta gönder,email_sendemail,email_sendemail,email_sendemail,True
16518,berna durdu için yeni bir eposta ekle,email_sendemail,email_addcontact,email_addcontact,False
16519,kişilerime yeni bir eposta eklemem gerekiyor,email_sendemail,email_addcontact,email_addcontact,False
16523,cemilin iletişim bilgilerini söylermisin,email_querycontact,email_querycontact,email_querycontact,True
16529,annemin numarasını kontrol et,email_querycontact,email_querycontact,email_querycontact,True
16532,bir arama yap,email_querycontact,qa_factoid,qa_factoid,False
16535,çağlara bir eposta yazabilirmisin,email_sendemail,email_sendemail,email_sendemail,True
16559,melihe bu sabah gönderdiği emailden dört yüz otuz cevabı ile bir yanıt gönder,email_sendemail,email_sendemail,email_sendemail,True
16560,patronumun epostasına akşam dörtte geleceğim sözüyle cevap ver,email_sendemail,email_sendemail,email_sendemail,True
16563,olly e-postamı kontrol et,email_query,email_query,email_query,True
16583,şirket çalışanımın ev telefonu numarası var mı,email_querycontact,email_querycontact,email_querycontact,True
16589,beni son arayan kişi kim,email_querycontact,general_quirky,general_quirky,False
16591,bill den yeni bir email aldım ve hemen cevap vermem lazım,email_sendemail,email_sendemail,email_sendemail,True
16593,o son emailin mümkün olan en kısa sürede yanıtlanması gerek,email_sendemail,email_sendemail,email_sendemail,True
16603,yarım saat önce annemden gelen emailde ne diyor,email_query,email_query,email_query,True
16605,patronuma eposta yaz ve gönder,email_sendemail,email_sendemail,email_sendemail,True
16609,hiç okunmamış yeni emailim varsa bana söyle,email_query,email_query,email_query,True
16613,patrona geç kalacağımı söyleyen eposta gönder,email_sendemail,email_sendemail,email_sendemail,True
16622,bu kişiye bir e-posta gönder,email_sendemail,email_sendemail,email_sendemail,True
16624,hizmet sorunlarım hakkında kırcılara gönderilecek bir epostaya ihtiyacım var,email_sendemail,email_sendemail,email_sendemail,True
16627,en güncel e-postaları kontrol et,email_query,email_query,email_query,True
16630,son epostaya yanıt gönder,email_sendemail,email_sendemail,email_sendemail,True
16642,seda dan gelen herhangi bir şey için epostayı kontrol et,email_query,email_query,email_query,True
16648,lütfen benim için emaillerimi kontrol et,email_query,email_query,email_query,True
16652,betül'ün e-postasında ek var mıydı,email_query,email_query,email_query,True
16662,oğulcan'dan herhangi bir yeni e-posta aldım mı,email_query,email_query,email_query,True
16666,hiç gelen e-postam var mı,email_query,email_query,email_query,True
16668,bugün saat dört ten beri gelen email var mı hiç,email_query,email_query,email_query,True
16669,paul'den bir e-posta aldım mı,email_query,email_query,email_query,True
16672,ben irtibata girdi mi,email_query,general_quirky,general_quirky,False
16677,bugün gelen kutumda hiç yeni eposta var mı,email_query,email_query,email_query,True
16693,mersin narlıkuyuda yer alan lowes hardwarei email kişilerime ekle,email_addcontact,email_addcontact,email_addcontact,True
16694,gratis'e giden e-postayı bul ve onu kişi listeme koy,email_addcontact,email_sendemail,email_sendemail,False
16698,annemin e-postasına cevap yaz,email_sendemail,email_sendemail,email_sendemail,True
16701,sarah'ın e-postasını yanıtlamak isterim,email_sendemail,email_sendemail,email_sendemail,True
16703,en yakın tarihli emaile yanıt vermek isterim,email_sendemail,email_sendemail,email_sendemail,True
16710,kişilerimin kaçı marmaris'te yaşıyor veya çalışıyor,email_querycontact,email_querycontact,email_querycontact,True
16711,kişilerim çoğunlukla kadın mı erkek mi,email_querycontact,general_quirky,general_quirky,False
16712,hiç yeni e-postam var mı,email_query,email_query,email_query,True
16713,lütfen e-postalarımı kontrol et ve bana hiç yeni e-posta olup olmadığını bildir,email_query,email_query,email_query,True
16717,samet'e izinli olduğumu belirten bir e-posta gönderebilir misin,email_sendemail,email_sendemail,email_sendemail,True
16719,bana hiç yeni e-posta alıp almadığımı bildir,email_query,email_query,email_query,True
16729,bob'dan gelen e-postama cevap ver yarın onları göreceğimi söyle,email_sendemail,email_sendemail,email_sendemail,True
16730,lütfen andy'den gelen yeni e-postayı kontrol edin,email_query,email_query,email_query,True
16733,bana amazon'dan gelen en son e-postaları göster,email_query,email_query,email_query,True
16749,bugün benim için hiç yeni e-posta var mı,email_query,email_query,email_query,True
16754,email dikte et,email_sendemail,email_sendemail,email_sendemail,True
16758,son sefer den beri herhangi bir yeni eposta,email_query,email_query,email_query,True
16763,son on dakikadaki epostalar,email_query,email_query,email_query,True
16765,dünkü e-postanın görüşme saati ne kadar,email_query,email_query,email_query,True
16766,yeni e-postaları kontrol et,email_query,email_query,email_query,True
16772,ihlalle ilgili tüm epostaları göster,email_query,email_query,email_query,True
16777,cengiz'in iletişim bilgilerini göster,email_querycontact,email_querycontact,email_querycontact,True
16780,arifyılmaz at gmail nokta com a email gönder,email_sendemail,email_sendemail,email_sendemail,True
16781,bu maili benim kişilerime ekle ve email gönder,email_addcontact,email_sendemail,email_sendemail,False
16791,yeni bir email oluştur ama bu kez burak örnek nokta com diye yeni bir adres aldım,email_sendemail,email_sendemail,email_sendemail,True
16797,taksi beyin telefon numarası ne kişilerimde kayıtlı,email_querycontact,transport_taxi,transport_taxi,False
16799,öğleden beri hiç e-posta aldım mı,email_query,email_query,email_query,True
16801,fatma bana tugay hakkında herhangi bir eposta gönderdi mi,email_query,email_query,email_query,True
16813,john'dan e-posta aldığımda beni sesli olarak uyar,email_query,calendar_set,calendar_set,False
16814,emailleri kontrol et,email_query,email_query,email_query,True
16838,emaili yeni e-posta kimliği ne gönderebilir misin,email_sendemail,email_query,email_query,False
16846,lütfen hakan belber için kişilerime bir eposta ekle hakan belber at yahoo nokta com,email_addcontact,email_addcontact,email_addcontact,True
16851,e-posta bildirimleri,email_query,email_query,email_query,True
16859,son e-postamda susan'a ne söyledim,email_query,email_query,email_query,True
16872,naty i benim kişilerimde bul ve email gönder,email_sendemail,email_sendemail,email_sendemail,True
16873,nefise'ye doğum günü için e-posta gönder,email_sendemail,email_sendemail,email_sendemail,True
16874,brenden için bende kaç telefon numarası mevcut,email_querycontact,email_querycontact,email_querycontact,True
16880,toplantı ile ilgili mehmete email gönder,email_sendemail,email_sendemail,email_sendemail,True
16883,jerry'ye bu gece kaçta evde olacağını soran bir e-posta gönder,email_sendemail,email_sendemail,email_sendemail,True
16886,bu postayı cevapla,email_sendemail,email_sendemail,email_sendemail,True
16888,yeni posta var mı,email_query,email_query,email_query,True
16890,yeni email ne diyor,email_query,email_query,email_query,True
16891,burak meriçe gönder ve email,email_sendemail,email_sendemail,email_sendemail,True
16892,başlat ve john smith'e e-posta gönder,email_sendemail,email_sendemail,email_sendemail,True
16899,jeffrey burnette'den hiç e-posta aldım mı,email_query,email_query,email_query,True
16907,jay'in telefon numarası,email_querycontact,email_querycontact,email_querycontact,True
16911,lütfen yeni eposta adresimi kişiye ekle,email_addcontact,email_addcontact,email_addcontact,True
16914,bu göndericiden e-postalarım var mı,email_query,email_query,email_query,True
16916,hey aldığım bir postayı cevapla,email_sendemail,email_sendemail,email_sendemail,True
16924,gmailimde yeni posta olup olmadığını kontrol et,email_query,email_query,email_query,True
16930,son e-postayı göster,email_query,email_query,email_query,True
16938,emrenin epostasını yanıtla,email_sendemail,email_sendemail,email_sendemail,True
16944,büyükanneme cumartesi günü uğrayacağız diye bir eposta gönder o zaman görüşürüz,email_sendemail,email_sendemail,email_sendemail,True
16947,e-postayı cevapla,email_sendemail,email_sendemail,email_sendemail,True
16955,yeni kişiye e-posta at,email_sendemail,email_sendemail,email_sendemail,True
16956,yeni irtibat kişisine e-posta gönder,email_sendemail,email_sendemail,email_sendemail,True
16961,ile cevap ver,email_sendemail,email_sendemail,email_sendemail,True
16974,lütfen gelir vergisi departmanının tüm yeni e-postalarını kontrol edin,email_query,email_query,email_query,True
16975,lütfen hüsey adına bana bir kişi numarası bul ve söyle,email_querycontact,email_querycontact,email_querycontact,True
16983,bizde morgan'ın ofis numarası var mı,email_querycontact,email_querycontact,email_querycontact,True
16987,john'dan gelen herhangi bir yeni e-posta,email_query,email_query,email_query,True
16989,lütfen halitin bana gönderdiği epostaya söyle paraya şimdi acil ihtiyacım var,email_sendemail,email_sendemail,email_sendemail,True
16992,jane doe bana e-posta göndermiş mi,email_query,email_query,email_query,True
16995,jessica'ya e-posta gönder,email_sendemail,email_sendemail,email_sendemail,True
17005,lütfen yeni epostaları kontrol et,email_query,email_query,email_query,True
17011,adresine e-posta gönderebilir misin,email_sendemail,email_sendemail,email_sendemail,True
17015,yanıtı başla,email_sendemail,play_audiobook,play_audiobook,False
17019,son e-postaya bir yanıt yaz,email_sendemail,email_sendemail,email_sendemail,True
17020,son alınan e-postayı yanıtla,email_sendemail,email_sendemail,email_sendemail,True
17023,anneme e-posta at ve orada havanın nasıl olduğunu sor,email_sendemail,email_sendemail,email_sendemail,True
17042,john at gmail nokta com'a bir e-posta yaz,email_sendemail,email_sendemail,email_sendemail,True
17043,tim at hotmail nokta com a email gönder,email_sendemail,email_sendemail,email_sendemail,True
17051,bana yeni eposta al,email_query,email_query,email_query,True
17052,bebek bakıcısı ara,email_query,qa_factoid,qa_factoid,False
17054,benim email kişilerime michael den gelen yeni e-posta ları da ekle,email_addcontact,email_addcontact,email_addcontact,True
17069,outlookta hiç yeni e-postalar var mı,email_query,email_query,email_query,True
17075,bugün saat dörtten sonra alınan yeni bir e-posta var mı,email_query,email_query,email_query,True
17081,yakın zamanda kaydettiğim belgelerle şirket çalışanım için bir e-posta oluştur,email_sendemail,email_sendemail,email_sendemail,True
17087,sertapdan gelen yeni emailleri benim için kontrol et,email_query,email_query,email_query,True
17090,kişiler lütfen,email_querycontact,email_querycontact,email_querycontact,True
17095,kamil'in e-postası nedir,email_querycontact,email_querycontact,email_querycontact,True
17098,son saatte alınan e-postaları bana göster,email_query,email_query,email_query,True
17107,yeni epostaları kontrol et,email_query,email_query,email_query,True
17108,bana en sondaki emaili ver,email_query,email_query,email_query,True
17111,pelinin kişi detayı,email_querycontact,email_querycontact,email_querycontact,True
17113,yulia ya e-posta gönder,email_sendemail,email_sendemail,email_sendemail,True
17115,yeni e-postaların listesini oku,email_query,email_query,email_query,True
17116,son e-postalar ı göster,email_query,email_query,email_query,True
17119,amazon'dan gelen herhangi bir postayı kontrol et,email_query,social_query,social_query,False
17123,bölgesel başkan yardımcısı için email oluştur,email_sendemail,email_sendemail,email_sendemail,True
17135,hiç şimşek haberleriyle ilgili email var mı,email_query,email_query,email_query,True
17136,lütfen emaillerimi oku,email_query,email_query,email_query,True
17138,lütfen okunan mesajlarımı arşivle,email_query,email_query,email_query,True
17142,en son baktığımızdan beri gelen kutumda ne var,email_query,email_query,email_query,True
17143,hey cana mail gönder,email_sendemail,email_sendemail,email_sendemail,True
17144,hey maili kontrol et,email_query,email_query,email_query,True
17147,maile şöyle cevap ver merhaba,email_sendemail,email_sendemail,email_sendemail,True
17148,alexa aşağıdaki içerikle postayı yanıtla merhaba,email_sendemail,email_sendemail,email_sendemail,True
17151,arkadaşım can bana yeni aldığı evine bir davetiye gönderdi email kimliğinden ona teşekkürler de,email_sendemail,email_sendemail,email_sendemail,True
17156,can'dan gelen yeni bir e-posta için e-postamı kontrol et,email_query,email_query,email_query,True
17157,berkten hiç yeni bir emailim var mı,email_query,email_query,email_query,True
17170,yusuf bana eposta gönderdiğinde bana haber ver,email_query,email_query,email_query,True
17179,eser bana bir email gönderdi mi,email_query,email_query,email_query,True
